element_start,mmd_corpse,ActorDataClass
m_Tags,meat,
m_IsBattleComplete,True,
m_Size,1,
m_IsTickTriggerValid,True,
m_DeathRound,10,
m_TokenViewValid,False,
m_IsEffectsReasonValid,False,
element_end
element_start,mmd_corpse,ActorDataStats
key_map,health_max,speed,speed_number_of_turns,
add_stats,28,5,0,
sub_stat,resistance,stun,0.2,
sub_stat,resistance,blight,0.4,
sub_stat,resistance,bleed,0.2,
sub_stat,resistance,burn,0.1,
sub_stat,resistance,disease,0.4,
sub_stat,resistance,move,0.3,
sub_stat,resistance,debuff,0.1,
element_end
element_start,mmd_corpse,ActorDataEffects
spawn_effects,mmd_corpse_sporebound_buff_spawn_effect,mmd_corpse_sporebound_buff_health_effect,
round_start_effects,mmd_corpse_turn_start_effect_1,mmd_corpse_turn_start_effect_2,mmd_corpse_turn_start_effect_3,mmd_corpse_turn_start_effect_4,
element_end
element_start,mmd_corpse_turn_start_effect_1,Effect
m_Chance,0.5,
m_TokenAddId,riposte,
m_TokenAddAmount,1,
m_ShowValue,False,
element_end
element_start,mmd_corpse_turn_start_effect_2,Effect
m_Chance,0.5,
m_TokenAddId,block,
m_TokenAddAmount,1,
m_ShowValue,False,
element_end
element_start,mmd_corpse_turn_start_effect_3,Effect
m_Chance,0.5,
m_TokenAddId,taunt,
m_TokenAddAmount,1,
m_ShowValue,False,
m_IgnoreResist,True,
element_end
element_start,mmd_corpse_turn_start_effect_4,Effect
m_Chance,0.5,
m_HealthHealPercent,0.1,
m_CritChance,0.05,
m_CritMultiplier,0.5,
element_end
element_start,mmd_corpse_attack,ActorDataSkill
m_IsFriendly,False,
launch_ranks,1,2,3,4,
target_ranks,1,2,3,4,
m_IsMultiHit,False,
m_CanBeRiposted,True,
m_AverageRankIgnored,False,
m_ValidActOutTypes,skill_before,skill_after,skill_additional,
m_Tags,melee,mmd_corpse_attack,
m_IsStallInvalidating,True,
element_end
element_start,mmd_corpse_attack,ActorDataStats
key_map,health_damage,health_damage_range,crit_chance,
add_stats,3,1,0.05,
element_end
element_start,mmd_corpse_riposte,ActorDataSkill
m_IsFriendly,False,
launch_ranks,1,2,3,4,
target_ranks,1,2,3,4,
m_IsMultiHit,False,
m_AverageRankIgnored,True,
m_ValidActOutTypes,skill_before,skill_after,skill_additional,
token_ignores,til_standard_riposte,
m_Tags,melee,riposte,mmd_corpse_riposte,
m_IsRiposteDamaging,True,
m_IsStallInvalidating,True,
element_end
element_start,mmd_corpse_riposte,ActorDataStats
key_map,health_damage,health_damage_range,crit_chance,
add_stats,3,1,0.05,
element_end
element_start,mmd_corpse_riposte,ActorDataEffects
target_effects,mmd_corpse_sporebound_buff_riposte_effect,
element_end



element_start,mmd_corpse_u,ActorDataClass
m_Tags,meat,
m_IsBattleComplete,True,
m_Size,1,
m_IsTickTriggerValid,True,
m_DeathRound,30,
m_TokenViewValid,False,
m_IsEffectsReasonValid,False,
element_end
element_start,mmd_corpse_u,ActorDataStats
key_map,health_max,speed,speed_number_of_turns,
add_stats,38,5,0,
sub_stat,resistance,stun,0.2,
sub_stat,resistance,blight,0.4,
sub_stat,resistance,bleed,0.2,
sub_stat,resistance,burn,0.1,
sub_stat,resistance,disease,0.4,
sub_stat,resistance,move,0.3,
sub_stat,resistance,debuff,0.1,
element_end
element_start,mmd_corpse_u,ActorDataEffects
spawn_effects,mmd_corpse_u_spawn_effect,mmd_corpse_sporebound_buff_spawn_effect,mmd_corpse_sporebound_buff_health_effect,
round_start_effects,mmd_corpse_u_turn_start_effect_1,mmd_corpse_u_turn_start_effect_2,mmd_corpse_u_turn_start_effect_3,mmd_corpse_u_turn_start_effect_4,
element_end
element_start,mmd_corpse_u_spawn_effect,Effect
m_Chance,1,
m_TokenAddId,deaths_door_armor,
m_TokenAddAmount,1,
m_ShowValue,False,
element_end
element_start,mmd_corpse_u_turn_start_effect_1,Effect
m_Chance,0.6,
m_TokenAddId,riposte,
m_TokenAddAmount,1,
m_ShowValue,False,
element_end
element_start,mmd_corpse_u_turn_start_effect_2,Effect
m_Chance,0.6,
m_TokenAddId,block,
m_TokenAddAmount,1,
m_ShowValue,False,
element_end
element_start,mmd_corpse_u_turn_start_effect_3,Effect
m_Chance,0.6,
m_TokenAddId,taunt,
m_TokenAddAmount,1,
m_ShowValue,False,
m_IgnoreResist,True,
element_end
element_start,mmd_corpse_u_turn_start_effect_4,Effect
m_Chance,0.6,
m_HealthHealPercent,0.1,
m_CritChance,0.05,
m_CritMultiplier,0.5,
element_end
element_start,mmd_corpse_u_attack,ActorDataSkill
m_IsFriendly,False,
launch_ranks,1,2,3,4,
target_ranks,1,2,3,4,
m_IsMultiHit,False,
m_CanBeRiposted,True,
m_AverageRankIgnored,False,
m_ValidActOutTypes,skill_before,skill_after,skill_additional,
m_Tags,melee,mmd_corpse_u_attack,
m_IsStallInvalidating,True,
element_end
element_start,mmd_corpse_u_attack,ActorDataStats
key_map,health_damage,health_damage_range,crit_chance,
add_stats,6,2,0.1,
element_end
element_start,mmd_corpse_u_riposte,ActorDataSkill
m_IsFriendly,False,
launch_ranks,1,2,3,4,
target_ranks,1,2,3,4,
m_IsMultiHit,False,
m_AverageRankIgnored,True,
m_ValidActOutTypes,skill_before,skill_after,skill_additional,
token_ignores,til_standard_riposte,
m_Tags,melee,riposte,mmd_corpse_u_riposte,
m_IsRiposteDamaging,True,
m_IsStallInvalidating,True,
element_end
element_start,mmd_corpse_u_riposte,ActorDataStats
key_map,health_damage,health_damage_range,crit_chance,
add_stats,6,2,0.1,
element_end
element_start,mmd_corpse_u_riposte,ActorDataEffects
target_effects,mmd_corpse_sporebound_buff_riposte_effect,
element_end


element_start,mmd_corpse_sporebound_buff_spawn_effect,Effect
m_Chance,1,
m_TokenAddId,deaths_door_armor,
m_TokenAddAmount,1,
m_ShowValue,False,
all_conditions,mmd_party_has_sporebound,
element_end

element_start,mmd_corpse_sporebound_buff_riposte_effect,Effect
m_Chance,1,
m_TokenAddId,vulnerable,
m_TokenAddAmount,1,
m_ShowValue,False,
all_conditions,mmd_party_has_sporebound,
element_end

element_start,mmd_corpse_sporebound_buff_health_effect,Effect
m_Chance,1,
buffs,mmd_corpse_sporebound_buff_health_buff,
all_conditions,mmd_party_has_sporebound,
element_end
element_start,mmd_corpse_sporebound_buff_health_buff,Buff
m_DurationType,combat_end,
m_DurationAmount,1,
element_end
element_start,mmd_corpse_sporebound_buff_health_buff,ActorDataStats
key_map,health_max,
add_stats,18,
element_end













element_start,mmd,ActorDataClass
m_Tags,hero,mmd,hard_target,ally,
m_Size,1,
m_IsTickTriggerValid,True,
m_IsStressTriggerValid,True,
m_IsBarkTriggerValid,True,
m_LocalizationGender,male,
overstresses,meltdown,resolute,
m_RosterOrderPriority,-1,
m_DefaultActorDataPathId,mmd_wanderer,
m_ReserveActorDataPathId,mmd_reserve,
m_IsStallCounted,True,
m_DeathLootIds,hero_bones,mmd_death_loot,
m_ResistMinOverrides,death,0.33,
m_StartingRosterStatusType,idle,
skill_sets,mmd_skill_kit_1,mmd_skill_kit_2,mmd_skill_kit_3,mmd_skill_kit_4,
m_IsRelationshipValid,True,
m_QuirkContainerId,roster_quirk_container,
m_IsActoutValid,True,
m_EquippedCombatSkillLimit,5,
element_end
element_start,mmd,ActorDataStats
key_map,health_max,speed,stress_max,deaths_door_chance,speed_number_of_turns,health_heal_percent_between_nodes,route_choice_chance,
add_stats,48,1,10,1,1,0.1,0.67,
sub_stat,resistance,stun,0.2,
sub_stat,resistance,blight,0.5,
sub_stat,resistance,bleed,0.3,
sub_stat,resistance,burn,0.2,
sub_stat,resistance,disease,0.5,
sub_stat,resistance,move,0.2,
sub_stat,resistance,debuff,0.2,
sub_stat,resistance,death,0.5,
sub_stat,route_choice_preference,Bridge,1,
sub_stat,route_choice_preference,Cache,1,
sub_stat,route_choice_preference,StoryCultist,1,
sub_stat,route_choice_preference,Dungeon,1,
sub_stat,route_choice_preference,Gate,1,
sub_stat,route_choice_preference,HeroSelect,1,
sub_stat,route_choice_preference,Hospital,1,
sub_stat,route_choice_preference,Inn,1,
sub_stat,route_choice_preference,Store,1,
sub_stat,route_choice_preference,StoryAssist,1,
sub_stat,route_choice_preference,StoryCosmic,1,
sub_stat,route_choice_preference,StoryHero,1,
sub_stat,route_choice_preference,StoryHeroReplacement,1,
sub_stat,route_choice_preference,StoryResist,1,
sub_stat,route_choice_preference,Unknown,1,
sub_stat,route_choice_preference,WatchTower,1,
sub_stat,route_choice_preference,Oasis,1,
sub_stat,route_choice_preference,CreatureDen,1,
element_end
element_start,mmd,ActorDataEffects
turn_skip_effects,stun_temp_resist_buff_e,
roster_status_exit_effects,hire_replaced_heal,hire_replaced_stress_heal,
deaths_door_survive_effects,deathblow_chance_shaping_heroes_e,
element_end
element_start,mmd,ActorDataExternalBuffs
buffs,mmd_ut_1,mmd_ut_4,mmd_ut_7,mmd_ut_8,mmd_ut_11,mmd_ut_12,mmd_signature_item_buff,
element_end
element_start,mmd_death_loot,LootTable
m_chances,1,
m_qtys,1,
m_ids,death_cap_spores,
m_types,item,
element_end

element_start,performer_is_mmd,Condition
m_ConditionType,class,
m_ConditionActorType,PERFORMER,
m_ConditionString,mmd,
m_ConditionNumberType,BOOL,
element_end
element_start,target_is_mmd,Condition
m_ConditionType,class,
m_ConditionActorType,TARGET,
m_ConditionString,mmd,
m_ConditionNumberType,BOOL,
element_end
element_start,hero_party_has_mmd,Condition
m_ConditionType,party_class,
m_ConditionString,mmd,
m_ConditionNumber,1,
m_ConditionNumberType,EQUAL,
element_end








// common skills
element_start,mmd_move,ActorDataSkill
m_IsFriendly,True,
m_IsFriendlySelfTargetValid,True,
m_LaunchRanks,0,1,2,3,
m_TargetRelativeRanks,-1,1,
m_IsMoveToTarget,True,
m_IsAlwaysTargetable,True,
m_AverageRankIgnored,True,
m_ValidActOutTypes,skill_block,
m_Tags,move,
m_IsAlwaysEquipped,True,
element_end
element_start,mmd_riposte,ActorDataSkill
m_IsFriendly,False,
launch_ranks,1,2,3,4,
target_ranks,1,2,3,4,
m_IsMultiHit,False,
m_AverageRankIgnored,True,
m_ValidActOutTypes,skill_before,skill_after,skill_additional,
token_ignores,til_standard_riposte,
m_Tags,melee,riposte,mmd_riposte,
m_IsRiposteDamaging,True,
m_IsStallInvalidating,True,
element_end
element_start,mmd_riposte,ActorDataStats
key_map,health_damage,health_damage_range,crit_chance,
add_stats,4,2,0.1,
element_end
element_start,mmd_riposte,ActorDataEffects
target_effects,mmd_riposte_token_effect,
element_end
element_start,mmd_riposte_token_effect,Effect
m_Chance,1,
m_TokenAddId,mmd_token_curse,
m_TokenAddAmount,1,
m_IsLockedTeamPosition,True,
element_end
element_start,mmd_act_out_enemy,ActorDataSkill
m_IsFriendly,False,
launch_ranks,1,2,3,4,
target_ranks,1,2,3,4,
m_IsMultiHit,False,
m_AverageRankIgnored,True,
m_ValidActOutTypes,skill_before,skill_after,skill_additional,
token_ignores,til_standard_act_out,
m_Tags,melee,act_out_enemy,mmd_act_out_enemy,
m_IsActOut,True,
m_IsStallInvalidating,False,
element_end
element_start,mmd_act_out_enemy,ActorDataStats
key_map,health_damage,health_damage_range,crit_chance,
add_stats,3,3,0.05,
element_end
element_start,mmd_act_out_enemy,ActorDataEffects
target_effects,mmd_act_out_token_effect,
element_end
element_start,mmd_act_out_friendly,ActorDataSkill
m_IsFriendly,True,
launch_ranks,1,2,3,4,
target_ranks,1,2,3,4,
m_IsMultiHit,False,
m_AverageRankIgnored,True,
m_ValidActOutTypes,skill_before,skill_after,skill_block,
token_ignores,til_standard_act_out,
m_Tags,melee,act_out_friendly,mmd_act_out_friendly,
m_IsActOut,True,
m_IsStallInvalidating,False,
element_end
element_start,mmd_act_out_friendly,ActorDataStats
key_map,health_damage,health_damage_range,crit_chance,
add_stats,3,3,0.05,
element_end
element_start,mmd_act_out_friendly,ActorDataEffects
target_effects,mmd_act_out_token_effect,
element_end
element_start,mmd_act_out_token_effect,Effect
m_Chance,0.33,
m_TokenAddId,mmd_token_curse,
m_TokenAddAmount,1,
m_IsLockedTeamPosition,True,
element_end
















// tokens
element_start,mmd_token_heal,Token
m_DurationType,round_end,
m_DurationAmount,3,
m_Limit,1,
m_Tags,token,top,mmd_token_spores,mmd_token_heal,
m_IsPerformer,True,
m_IsTarget,False,
m_IsRankToken,True,
m_TokenGlossaryHeroTag,mmd,
m_TokenGlossaryPathTag,mmd_wanderer,mmd_reserve,mmd_forager,mmd_mycologist,mmd_sporebound,
element_end
element_start,mmd_token_heal,DataExternalBuffs
buffs,mmd_token_heal_buff,
element_end
element_start,mmd_token_heal_buff,Buff
m_DurationType,infinite,
element_end
element_start,mmd_token_heal_buff,ActorDataEffects
turn_end_effects,mmd_token_heal_effect,
element_end
element_start,mmd_token_heal_effect,Effect
m_Chance,1,
m_DotRemoveAllTypes,blight,
element_end

element_start,mmd_token_heal_u,Token
m_DurationType,round_end,
m_DurationAmount,4,
m_Limit,1,
m_Tags,token,top,mmd_token_spores,mmd_token_heal,
m_IsPerformer,True,
m_IsTarget,False,
m_IsRankToken,True,
m_TokenGlossaryHeroTag,mmd,
m_TokenGlossaryPathTag,mmd_wanderer,mmd_reserve,mmd_forager,mmd_mycologist,mmd_sporebound,
element_end
element_start,mmd_token_heal_u,DataExternalBuffs
buffs,mmd_token_heal_u_buff,
element_end
element_start,mmd_token_heal_u_buff,Buff
m_DurationType,infinite,
element_end
element_start,mmd_token_heal_u_buff,ActorDataEffects
turn_end_effects,mmd_token_heal_u_effect,
element_end
element_start,mmd_token_heal_u_effect,Effect
m_Chance,1,
m_DotRemoveAllTypes,bleed,blight,
element_end



element_start,mmd_token_curse,Token
m_DurationType,round_end,
m_DurationAmount,2,
m_Limit,1,
m_Tags,token,top,mmd_token_spores,mmd_token_curse,
m_IsPerformer,True,
m_IsTarget,False,
m_IsRankToken,True,
m_TokenGlossaryHeroTag,mmd,
m_TokenGlossaryPathTag,mmd_wanderer,mmd_reserve,mmd_forager,mmd_mycologist,
element_end
element_start,mmd_token_curse,DataExternalBuffs
buffs,mmd_token_curse_buff,
element_end
element_start,mmd_token_curse_buff,Buff
m_DurationType,infinite,
element_end
element_start,mmd_token_curse_buff,ActorDataEffects
on_hit_as_target_to_target_effects,mmd_token_curse_add_meta_token_to_target,
on_hit_as_target_to_performer_effects,mmd_token_curse_add_meta_token_to_performer,
element_end
element_start,mmd_token_curse_add_meta_token_to_target,Effect
m_Chance,0.8,
m_TokenAddId,mmd_token_curse_meta_t_token,
m_TokenAddAmount,1,
m_ShowValue,False,
element_end
element_start,mmd_token_curse_add_meta_token_to_performer,Effect
m_Chance,1,
m_TokenAddId,mmd_token_curse_meta_p_token,
m_TokenAddAmount,1,
m_ShowValue,False,
element_end
element_start,mmd_token_curse_meta_t_token,Token
m_Chance,1,
m_ConsumeTypes,manual,
m_Limit,1,
m_Tags,token,bottom,
m_IsHidden,True,
element_end
element_start,mmd_token_curse_meta_target_has_t_tokens,Condition
m_ConditionType,token_amount,
m_ConditionActorType,TARGET,
m_ConditionString,mmd_token_curse_meta_t_token,
m_ConditionNumber,0,
m_ConditionNumberType,GREATER_THAN,
element_end
element_start,mmd_token_curse_meta_p_token,Token
m_Chance,1,
m_ConsumeTypes,manual,
m_Limit,1,
m_Tags,token,bottom,
m_IsHidden,True,
element_end
element_start,mmd_token_curse_meta_p_token,DataExternalBuffs
buffs,mmd_token_curse_meta_p_token_buff,
element_end
element_start,mmd_token_curse_meta_p_token_buff,Buff
m_DurationType,infinite,
element_end
element_start,mmd_token_curse_meta_p_token_buff,ActorDataEffects
turn_end_friendly_team_effects,mmd_token_curse_meta_p_token_convert_t_to_combo,mmd_token_curse_meta_remove_p_tokens,
turn_end_enemy_team_effects,mmd_token_curse_meta_p_token_convert_t_to_combo,mmd_token_curse_meta_remove_p_tokens,
element_end
element_start,mmd_token_curse_meta_p_token_convert_t_to_combo,Effect
m_Chance,1,
m_Priority,-10,
m_TokenConvertFromTokenIds,mmd_token_curse_meta_t_token,
m_TokenConvertToId,combo,
m_TokenConvertAmount,99,
all_conditions,mmd_token_curse_meta_target_has_t_tokens,
element_end
element_start,mmd_token_curse_meta_remove_p_tokens,Effect
m_Chance,1,
m_TokenRemoveId,mmd_token_curse_meta_p_token,
m_TokenRemoveAmount,99,
m_ShowValue,False,
m_IsVisible,False,
element_end

element_start,mmd_token_curse_u,Token
m_DurationType,round_end,
m_DurationAmount,2,
m_Limit,1,
m_Tags,token,top,mmd_token_spores,mmd_token_curse,
m_IsPerformer,True,
m_IsTarget,False,
m_IsRankToken,True,
m_TokenGlossaryHeroTag,mmd,
m_TokenGlossaryPathTag,mmd_wanderer,mmd_reserve,mmd_forager,mmd_mycologist,
element_end
element_start,mmd_token_curse_u,DataExternalBuffs
buffs,mmd_token_curse_u_buff,
element_end
element_start,mmd_token_curse_u_buff,Buff
m_DurationType,infinite,
element_end
element_start,mmd_token_curse_u_buff,ActorDataEffects
on_hit_as_target_to_target_effects,mmd_token_curse_u_add_meta_token_to_target,
on_hit_as_target_to_performer_effects,mmd_token_curse_u_add_meta_token_to_performer,
element_end
element_start,mmd_token_curse_u_add_meta_token_to_target,Effect
m_Chance,1,
m_TokenAddId,mmd_token_curse_u_meta_t_token,
m_TokenAddAmount,1,
m_ShowValue,False,
element_end
element_start,mmd_token_curse_u_add_meta_token_to_performer,Effect
m_Chance,1,
m_TokenAddId,mmd_token_curse_u_meta_p_token,
m_TokenAddAmount,1,
m_ShowValue,False,
element_end
element_start,mmd_token_curse_u_meta_t_token,Token
m_Chance,1,
m_ConsumeTypes,manual,
m_Limit,1,
m_Tags,token,bottom,
m_IsHidden,True,
element_end
element_start,mmd_token_curse_u_meta_target_has_t_tokens,Condition
m_ConditionType,token_amount,
m_ConditionActorType,TARGET,
m_ConditionString,mmd_token_curse_u_meta_t_token,
m_ConditionNumber,0,
m_ConditionNumberType,GREATER_THAN,
element_end
element_start,mmd_token_curse_u_meta_p_token,Token
m_Chance,1,
m_ConsumeTypes,manual,
m_Limit,1,
m_Tags,token,bottom,
m_IsHidden,True,
element_end
element_start,mmd_token_curse_u_meta_p_token,DataExternalBuffs
buffs,mmd_token_curse_u_meta_p_token_buff,
element_end
element_start,mmd_token_curse_u_meta_p_token_buff,Buff
m_DurationType,infinite,
element_end
element_start,mmd_token_curse_u_meta_p_token_buff,ActorDataEffects
turn_end_friendly_team_effects,mmd_token_curse_u_meta_p_token_convert_t_to_combo,mmd_token_curse_u_meta_remove_p_tokens,
turn_end_enemy_team_effects,mmd_token_curse_u_meta_p_token_convert_t_to_combo,mmd_token_curse_u_meta_remove_p_tokens,
element_end
element_start,mmd_token_curse_u_meta_p_token_convert_t_to_combo,Effect
m_Chance,1,
m_Priority,-10,
m_TokenConvertFromTokenIds,mmd_token_curse_u_meta_t_token,
m_TokenConvertToId,combo,
m_TokenConvertAmount,99,
all_conditions,mmd_token_curse_u_meta_target_has_t_tokens,
element_end
element_start,mmd_token_curse_u_meta_remove_p_tokens,Effect
m_Chance,1,
m_TokenRemoveId,mmd_token_curse_u_meta_p_token,
m_TokenRemoveAmount,99,
m_ShowValue,False,
m_IsVisible,False,
element_end


element_start,mmd_token_disturb,Token
m_DurationType,round_end,
m_DurationAmount,3,
m_Limit,1,
m_Tags,token,top,mmd_token_spores,mmd_token_disturb,
m_IsPerformer,True,
m_IsTarget,False,
m_IsRankToken,True,
m_TokenGlossaryHeroTag,mmd,
m_TokenGlossaryPathTag,mmd_wanderer,mmd_reserve,mmd_forager,mmd_mycologist,mmd_sporebound,
element_end
element_start,mmd_token_disturb,DataExternalBuffs
buffs,mmd_token_disturb_buff,
element_end
element_start,mmd_token_disturb_buff,Buff
m_DurationType,infinite,
element_end
element_start,mmd_token_disturb_buff,ActorDataEffects
round_start_effects,mmd_token_disturb_move_effect,
turn_start_effects,mmd_token_disturb_strength_effect,mmd_token_disturb_daze_effect,
element_end
element_start,mmd_token_disturb_move_effect,Effect
m_Chance,1,
m_IgnoreResist,True,
m_Move,1,
element_end
element_start,mmd_token_disturb_strength_effect,Effect
m_Chance,1,
m_TokenAddId,strength,
m_TokenAddAmount,1,
element_end
element_start,mmd_token_disturb_daze_effect,Effect
m_Chance,0.50,
m_TokenAddId,daze,
m_TokenAddAmount,1,
element_end

element_start,mmd_token_disturb_u,Token
m_DurationType,round_end,
m_DurationAmount,4,
m_Limit,1,
m_Tags,token,top,mmd_token_spores,mmd_token_disturb,
m_IsPerformer,True,
m_IsTarget,False,
m_IsRankToken,True,
m_TokenGlossaryHeroTag,mmd,
m_TokenGlossaryPathTag,mmd_wanderer,mmd_reserve,mmd_forager,mmd_mycologist,mmd_sporebound,
element_end
element_start,mmd_token_disturb_u,DataExternalBuffs
buffs,mmd_token_disturb_u_buff,
element_end
element_start,mmd_token_disturb_u_buff,Buff
m_DurationType,infinite,
element_end
element_start,mmd_token_disturb_u_buff,ActorDataEffects
round_start_effects,mmd_token_disturb_u_move_effect,
turn_start_effects,mmd_token_disturb_u_strength_effect,
element_end
element_start,mmd_token_disturb_u_move_effect,Effect
m_Chance,1,
m_Move,1,
m_IgnoreResist,True,
element_end
element_start,mmd_token_disturb_u_strength_effect,Effect
m_Chance,1,
m_TokenAddId,strength,
m_TokenAddAmount,1,
element_end


element_start,mmd_token_mire,Token
m_DurationType,round_end,
m_DurationAmount,2,
m_Limit,1,
m_Tags,token,top,mmd_token_spores,mmd_token_mire,
m_IsPerformer,True,
m_IsTarget,False,
m_IsRankToken,True,
m_TokenGlossaryHeroTag,mmd,
m_TokenGlossaryPathTag,mmd_sporebound,
element_end
element_start,mmd_token_mire,DataExternalBuffs
buffs,mmd_token_mire_buff,
element_end
element_start,mmd_token_mire_buff,Buff
m_DurationType,infinite,
element_end
element_start,mmd_token_mire_buff,ActorDataEffects
on_hit_as_target_to_target_effects,mmd_token_mire_add_meta_token_to_target,
on_hit_as_target_to_performer_effects,mmd_token_mire_add_meta_token_to_performer,
element_end
element_start,mmd_token_mire_add_meta_token_to_target,Effect
m_Chance,0.6,
m_TokenAddId,mmd_token_mire_meta_t_token,
m_TokenAddAmount,1,
m_ShowValue,False,
element_end
element_start,mmd_token_mire_add_meta_token_to_performer,Effect
m_Chance,1,
m_TokenAddId,mmd_token_mire_meta_p_token,
m_TokenAddAmount,1,
m_ShowValue,False,
element_end
element_start,mmd_token_mire_meta_t_token,Token
m_Chance,1,
m_ConsumeTypes,manual,
m_Limit,1,
m_Tags,token,bottom,
m_IsHidden,True,
element_end
element_start,mmd_token_mire_meta_target_has_t_tokens,Condition
m_ConditionType,token_amount,
m_ConditionActorType,TARGET,
m_ConditionString,mmd_token_mire_meta_t_token,
m_ConditionNumber,0,
m_ConditionNumberType,GREATER_THAN,
element_end
element_start,mmd_token_mire_meta_p_token,Token
m_Chance,1,
m_ConsumeTypes,manual,
m_Limit,1,
m_Tags,token,bottom,
m_IsHidden,True,
element_end
element_start,mmd_token_mire_meta_p_token,DataExternalBuffs
buffs,mmd_token_mire_meta_p_token_buff,
element_end
element_start,mmd_token_mire_meta_p_token_buff,Buff
m_DurationType,infinite,
element_end
element_start,mmd_token_mire_meta_p_token_buff,ActorDataEffects
turn_end_friendly_team_effects,mmd_token_mire_meta_p_token_convert_t_to_combo,mmd_token_mire_meta_remove_p_tokens,
turn_end_enemy_team_effects,mmd_token_mire_meta_p_token_convert_t_to_combo,mmd_token_mire_meta_remove_p_tokens,
element_end
element_start,mmd_token_mire_meta_p_token_convert_t_to_combo,Effect
m_Chance,1,
m_Priority,-10,
m_TokenConvertFromTokenIds,mmd_token_mire_meta_t_token,
m_TokenConvertToId,vulnerable,
m_TokenConvertAmount,99,
all_conditions,mmd_token_mire_meta_target_has_t_tokens,
element_end
element_start,mmd_token_mire_meta_remove_p_tokens,Effect
m_Chance,1,
m_TokenRemoveId,mmd_token_mire_meta_p_token,
m_TokenRemoveAmount,99,
m_ShowValue,False,
m_IsVisible,False,
element_end

element_start,mmd_token_mire_u,Token
m_DurationType,round_end,
m_DurationAmount,2,
m_Limit,1,
m_Tags,token,top,mmd_token_spores,mmd_token_mire,
m_IsPerformer,True,
m_IsTarget,False,
m_IsRankToken,True,
m_TokenGlossaryHeroTag,mmd,
m_TokenGlossaryPathTag,mmd_sporebound,
element_end
element_start,mmd_token_mire_u,DataExternalBuffs
buffs,mmd_token_mire_u_buff,
element_end
element_start,mmd_token_mire_u_buff,Buff
m_DurationType,infinite,
element_end
element_start,mmd_token_mire_u_buff,ActorDataEffects
on_hit_as_target_to_target_effects,mmd_token_mire_u_add_meta_token_to_target,
on_hit_as_target_to_performer_effects,mmd_token_mire_u_add_meta_token_to_performer,
element_end
element_start,mmd_token_mire_u_add_meta_token_to_target,Effect
m_Chance,0.8,
m_TokenAddId,mmd_token_mire_u_meta_t_token,
m_TokenAddAmount,1,
m_ShowValue,False,
element_end
element_start,mmd_token_mire_u_add_meta_token_to_performer,Effect
m_Chance,1,
m_TokenAddId,mmd_token_mire_u_meta_p_token,
m_TokenAddAmount,1,
m_ShowValue,False,
element_end
element_start,mmd_token_mire_u_meta_t_token,Token
m_Chance,1,
m_ConsumeTypes,manual,
m_Limit,1,
m_Tags,token,bottom,
m_IsHidden,True,
element_end
element_start,mmd_token_mire_u_meta_target_has_t_tokens,Condition
m_ConditionType,token_amount,
m_ConditionActorType,TARGET,
m_ConditionString,mmd_token_mire_u_meta_t_token,
m_ConditionNumber,0,
m_ConditionNumberType,GREATER_THAN,
element_end
element_start,mmd_token_mire_u_meta_p_token,Token
m_Chance,1,
m_ConsumeTypes,manual,
m_Limit,1,
m_Tags,token,bottom,
m_IsHidden,True,
element_end
element_start,mmd_token_mire_u_meta_p_token,DataExternalBuffs
buffs,mmd_token_mire_u_meta_p_token_buff,
element_end
element_start,mmd_token_mire_u_meta_p_token_buff,Buff
m_DurationType,infinite,
element_end
element_start,mmd_token_mire_u_meta_p_token_buff,ActorDataEffects
turn_end_friendly_team_effects,mmd_token_mire_u_meta_p_token_convert_t_to_combo,mmd_token_mire_u_meta_remove_p_tokens,
turn_end_enemy_team_effects,mmd_token_mire_u_meta_p_token_convert_t_to_combo,mmd_token_mire_u_meta_remove_p_tokens,
element_end
element_start,mmd_token_mire_u_meta_p_token_convert_t_to_combo,Effect
m_Chance,1,
m_Priority,-10,
m_TokenConvertFromTokenIds,mmd_token_mire_u_meta_t_token,
m_TokenConvertToId,vulnerable,
m_TokenConvertAmount,99,
all_conditions,mmd_token_mire_u_meta_target_has_t_tokens,
element_end
element_start,mmd_token_mire_u_meta_remove_p_tokens,Effect
m_Chance,1,
m_TokenRemoveId,mmd_token_mire_u_meta_p_token,
m_TokenRemoveAmount,99,
m_ShowValue,False,
m_IsVisible,False,
element_end




element_start,mmd_has_token_spores,Condition
m_ConditionType,token_tag_amount,
m_ConditionActorType,TARGET,
m_ConditionString,mmd_token_spores,
m_ConditionNumber,1,
m_ConditionNumberType,GREATER_THAN_OR_EQUAL,
element_end
element_start,mmd_has_token_heal,Condition
m_ConditionType,token_tag_amount,
m_ConditionActorType,TARGET,
m_ConditionString,mmd_token_heal,
m_ConditionNumber,1,
m_ConditionNumberType,GREATER_THAN_OR_EQUAL,
element_end
element_start,mmd_has_token_disturb,Condition
m_ConditionType,token_tag_amount,
m_ConditionActorType,TARGET,
m_ConditionString,mmd_token_disturb,
m_ConditionNumber,1,
m_ConditionNumberType,GREATER_THAN_OR_EQUAL,
element_end
element_start,mmd_has_token_curse,Condition
m_ConditionType,token_tag_amount,
m_ConditionActorType,TARGET,
m_ConditionString,mmd_token_curse,
m_ConditionNumber,1,
m_ConditionNumberType,GREATER_THAN_OR_EQUAL,
element_end
element_start,mmd_has_token_mire,Condition
m_ConditionType,token_tag_amount,
m_ConditionActorType,TARGET,
m_ConditionString,mmd_token_mire,
m_ConditionNumber,1,
m_ConditionNumberType,GREATER_THAN_OR_EQUAL,
element_end


element_start,mmd_has_token_spores_hidden,Condition
m_ConditionType,token_tag_amount,
m_ConditionActorType,TARGET,
m_ConditionString,mmd_token_spores,
m_ConditionNumber,1,
m_ConditionNumberType,GREATER_THAN_OR_EQUAL,
m_IsVisible,False,
element_end
element_start,mmd_has_token_heal_hidden,Condition
m_ConditionType,token_tag_amount,
m_ConditionActorType,TARGET,
m_ConditionString,mmd_token_heal,
m_ConditionNumber,1,
m_ConditionNumberType,GREATER_THAN_OR_EQUAL,
m_IsVisible,False,
element_end
element_start,mmd_has_token_disturb_hidden,Condition
m_ConditionType,token_tag_amount,
m_ConditionActorType,TARGET,
m_ConditionString,mmd_token_disturb,
m_ConditionNumber,1,
m_ConditionNumberType,GREATER_THAN_OR_EQUAL,
m_IsVisible,False,
element_end
element_start,mmd_has_token_curse_hidden,Condition
m_ConditionType,token_tag_amount,
m_ConditionActorType,TARGET,
m_ConditionString,mmd_token_curse,
m_ConditionNumber,1,
m_ConditionNumberType,GREATER_THAN_OR_EQUAL,
m_IsVisible,False,
element_end
element_start,mmd_has_token_mire_hidden,Condition
m_ConditionType,token_tag_amount,
m_ConditionActorType,TARGET,
m_ConditionString,mmd_token_mire,
m_ConditionNumber,1,
m_ConditionNumberType,GREATER_THAN_OR_EQUAL,
m_IsVisible,False,
element_end

element_start,mmd_has_exact_token_heal,Condition
m_ConditionType,token_amount,
m_ConditionActorType,TARGET,
m_ConditionString,mmd_token_heal,
m_ConditionNumber,1,
m_ConditionNumberType,GREATER_THAN_OR_EQUAL,
element_end
element_start,mmd_has_exact_token_heal_u,Condition
m_ConditionType,token_amount,
m_ConditionActorType,TARGET,
m_ConditionString,mmd_token_heal_u,
m_ConditionNumber,1,
m_ConditionNumberType,GREATER_THAN_OR_EQUAL,
element_end
element_start,mmd_has_exact_token_curse,Condition
m_ConditionType,token_amount,
m_ConditionActorType,TARGET,
m_ConditionString,mmd_token_curse,
m_ConditionNumber,1,
m_ConditionNumberType,GREATER_THAN_OR_EQUAL,
element_end
element_start,mmd_has_exact_token_curse_u,Condition
m_ConditionType,token_amount,
m_ConditionActorType,TARGET,
m_ConditionString,mmd_token_curse_u,
m_ConditionNumber,1,
m_ConditionNumberType,GREATER_THAN_OR_EQUAL,
element_end
element_start,mmd_has_exact_token_disturb,Condition
m_ConditionType,token_amount,
m_ConditionActorType,TARGET,
m_ConditionString,mmd_token_disturb,
m_ConditionNumber,1,
m_ConditionNumberType,GREATER_THAN_OR_EQUAL,
element_end
element_start,mmd_has_exact_token_disturb_u,Condition
m_ConditionType,token_amount,
m_ConditionActorType,TARGET,
m_ConditionString,mmd_token_disturb_u,
m_ConditionNumber,1,
m_ConditionNumberType,GREATER_THAN_OR_EQUAL,
element_end
element_start,mmd_has_exact_token_mire,Condition
m_ConditionType,token_amount,
m_ConditionActorType,TARGET,
m_ConditionString,mmd_token_mire,
m_ConditionNumber,1,
m_ConditionNumberType,GREATER_THAN_OR_EQUAL,
element_end
element_start,mmd_has_exact_token_mire_u,Condition
m_ConditionType,token_amount,
m_ConditionActorType,TARGET,
m_ConditionString,mmd_token_mire_u,
m_ConditionNumber,1,
m_ConditionNumberType,GREATER_THAN_OR_EQUAL,
element_end






















// wanderer skills
element_start,mmd_heavy_cage,ActorDataSkill
m_IsFriendly,False,
launch_ranks,1,2,3,4,
target_ranks,1,
m_IsMultiHit,False,
m_CanBeRiposted,True,
m_AverageRankIgnored,False,
m_ValidActOutTypes,skill_before,skill_after,skill_additional,
m_Tags,melee,mmd_heavy_cage,
m_IsStallInvalidating,True,
element_end
element_start,mmd_heavy_cage,ActorDataStats
key_map,health_damage,health_damage_range,crit_chance,
add_stats,2,1,0.05,
element_end
element_start,mmd_heavy_cage,ActorDataEffects
target_effects,mmd_heavy_cage_token_effect,mmd_no_spores_on_killing_blow_fake_effect,
element_end
element_start,mmd_heavy_cage_token_effect,Effect
m_Chance,1,
m_TokenAddId,mmd_token_curse,
m_TokenAddAmount,1,
m_IsLockedTeamPosition,True,
element_end

element_start,mmd_no_spores_on_killing_blow_fake_effect,Effect
m_Chance,1,
element_end

element_start,mmd_heavy_cage_u,ActorDataSkill
m_IsFriendly,False,
launch_ranks,1,2,3,4,
target_ranks,1,
m_IsMultiHit,False,
m_CanBeRiposted,True,
m_AverageRankIgnored,False,
m_ValidActOutTypes,skill_before,skill_after,skill_additional,
m_Tags,melee,mmd_heavy_cage,
m_ConditionIdOverride,mmd_heavy_cage,
m_SkillHistoryIdOverride,mmd_heavy_cage,
m_IsStallInvalidating,True,
m_SkillModifierChanceModifiers,curse,3,
element_end
element_start,mmd_heavy_cage_u,ActorDataStats
key_map,health_damage,health_damage_range,crit_chance,
add_stats,3,2,0.10,
element_end
element_start,mmd_heavy_cage_u,ActorDataEffects
target_effects,mmd_heavy_cage_u_token_effect,mmd_no_spores_on_killing_blow_fake_effect,
element_end
element_start,mmd_heavy_cage_u_token_effect,Effect
m_Chance,1,
m_TokenAddId,mmd_token_curse_u,
m_TokenAddAmount,1,
m_IsLockedTeamPosition,True,
element_end
element_start,mmd_heavy_cage_u,Unlock
m_RequirementIds,mmd_heavy_cage,
m_CostId,hero_skill_upgrade,
element_end


element_start,mmd_hyphae_rock,ActorDataSkill
m_IsFriendly,False,
launch_ranks,3,4,
target_ranks,2,3,4,
m_IsMultiHit,False,
m_CanBeRiposted,True,
m_AverageRankIgnored,False,
m_ValidActOutTypes,skill_before,skill_after,skill_additional,
m_Tags,ranged,mmd_hyphae_rock,
m_IsStallInvalidating,True,
element_end
element_start,mmd_hyphae_rock,ActorDataStats
key_map,health_damage,health_damage_range,crit_chance,
add_stats,2,1,0.05,
element_end
element_start,mmd_hyphae_rock,ActorDataEffects
target_effects,mmd_hyphae_rock_token_effect,mmd_no_spores_on_killing_blow_fake_effect,
element_end
element_start,mmd_hyphae_rock_token_effect,Effect
m_Chance,1,
m_TokenAddId,mmd_token_curse,
m_TokenAddAmount,1,
m_IsLockedTeamPosition,True,
element_end

element_start,mmd_hyphae_rock_u,ActorDataSkill
m_IsFriendly,False,
launch_ranks,3,4,
target_ranks,2,3,4,
m_IsMultiHit,False,
m_CanBeRiposted,True,
m_AverageRankIgnored,False,
m_ValidActOutTypes,skill_before,skill_after,skill_additional,
m_Tags,ranged,mmd_hyphae_rock,
m_ConditionIdOverride,mmd_hyphae_rock,
m_SkillHistoryIdOverride,mmd_hyphae_rock,
m_IsStallInvalidating,True,
m_SkillModifierChanceModifiers,curse,3,
element_end
element_start,mmd_hyphae_rock_u,ActorDataStats
key_map,health_damage,health_damage_range,crit_chance,
add_stats,3,2,0.10,
element_end
element_start,mmd_hyphae_rock_u,ActorDataEffects
target_effects,mmd_hyphae_rock_u_token_effect,mmd_no_spores_on_killing_blow_fake_effect,
element_end
element_start,mmd_hyphae_rock_u_token_effect,Effect
m_Chance,1,
m_TokenAddId,mmd_token_curse_u,
m_TokenAddAmount,1,
m_IsLockedTeamPosition,True,
element_end
element_start,mmd_hyphae_rock_u,Unlock
m_RequirementIds,mmd_hyphae_rock,
m_CostId,hero_skill_upgrade,
element_end


element_start,mmd_disturbing_spores,ActorDataSkill
m_IsFriendly,False,
launch_ranks,2,3,4,
target_ranks,1,
m_IsMultiHit,False,
m_CanBeRiposted,True,
m_AverageRankIgnored,False,
m_ValidActOutTypes,skill_before,skill_after,skill_additional,
m_Tags,melee,mmd_disturbing_spores,
m_IsStallInvalidating,True,
m_DeathClassTagIgnores,corpse,
m_Cooldown,3,
element_end
element_start,mmd_disturbing_spores,ActorDataStats
key_map,health_damage,health_damage_range,crit_chance,
add_stats,3,1,0.05,
element_end
element_start,mmd_disturbing_spores,ActorDataEffects
enemy_team_effects,clear_corpse_hidden,
friendly_team_effects,clear_corpse_hidden,
performer_effects,mmd_disturbing_spores_add_meta_token,
element_end
element_start,mmd_disturbing_spores_add_meta_token,Effect
m_Chance,1,
m_TokenAddId,mmd_token_disturb_meta,
m_TokenAddAmount,1,
element_end
element_start,mmd_token_disturb_meta,Token
m_Chance,1,
m_ConsumeTypes,manual,
m_Limit,1,
m_Tags,token,bottom,
m_IsHidden,True,
element_end
element_start,mmd_token_disturb_meta,DataExternalBuffs
buffs,mmd_token_disturb_meta_turn_end_buff,
element_end
element_start,mmd_token_disturb_meta_turn_end_buff,Buff
m_DurationType,infinite,
element_end
element_start,mmd_token_disturb_meta_turn_end_buff,ActorDataEffects
turn_end_friendly_team_effects,mmd_disturbing_spores_rank_1_effect,mmd_token_disturb_meta_remove,
turn_end_enemy_team_effects,mmd_disturbing_spores_rank_1_effect,mmd_token_disturb_meta_remove,
element_end
element_start,mmd_token_disturb_meta_remove,Effect
m_Chance,1,
m_TokenRemoveId,mmd_token_disturb_meta,
m_TokenRemoveAmount,99,
m_ShowValue,False,
m_IsVisible,False,
element_end
element_start,mmd_disturbing_spores_rank_1_effect,Effect
m_Chance,1,
m_TokenAddId,mmd_token_disturb,
m_TokenAddAmount,1,
m_IsLockedTeamPosition,True,
all_conditions,mmd_disturbing_spores_target_is_in_rank_1,
element_end
element_start,mmd_disturbing_spores_target_is_in_rank_1,Condition
m_ConditionType,rank,
m_ConditionActorType,TARGET,
m_ConditionNumber,1,
m_ConditionNumberType,PARAMETER,
m_IsVisible,False,
element_end

element_start,mmd_disturbing_spores_u,ActorDataSkill
m_IsFriendly,False,
launch_ranks,2,3,4,
target_ranks,1,
m_IsMultiHit,False,
m_CanBeRiposted,True,
m_AverageRankIgnored,False,
m_ValidActOutTypes,skill_before,skill_after,skill_additional,
m_Tags,melee,mmd_disturbing_spores,
m_ConditionIdOverride,mmd_disturbing_spores,
m_SkillHistoryIdOverride,mmd_disturbing_spores,
m_IsStallInvalidating,True,
m_SkillModifierChanceModifiers,curse,3,
m_DeathClassTagIgnores,corpse,
m_Cooldown,2,
element_end
element_start,mmd_disturbing_spores_u,ActorDataStats
key_map,health_damage,health_damage_range,crit_chance,
add_stats,4,3,0.10,
element_end
element_start,mmd_disturbing_spores_u,ActorDataEffects
enemy_team_effects,clear_corpse_hidden,
friendly_team_effects,clear_corpse_hidden,
performer_effects,mmd_disturbing_spores_u_add_meta_token,
element_end
element_start,mmd_disturbing_spores_u_add_meta_token,Effect
m_Chance,1,
m_TokenAddId,mmd_token_disturb_meta_u,
m_TokenAddAmount,1,
element_end
element_start,mmd_token_disturb_meta_u,Token
m_Chance,1,
m_ConsumeTypes,manual,
m_Limit,1,
m_Tags,token,bottom,
m_IsHidden,True,
element_end
element_start,mmd_token_disturb_meta_u,DataExternalBuffs
buffs,mmd_token_disturb_meta_u_turn_end_buff,
element_end
element_start,mmd_token_disturb_meta_u_turn_end_buff,Buff
m_DurationType,infinite,
element_end
element_start,mmd_token_disturb_meta_u_turn_end_buff,ActorDataEffects
turn_end_friendly_team_effects,mmd_disturbing_spores_u_rank_1_effect,mmd_token_disturb_meta_u_remove,
turn_end_enemy_team_effects,mmd_disturbing_spores_u_rank_1_effect,mmd_token_disturb_meta_u_remove,
element_end
element_start,mmd_token_disturb_meta_u_remove,Effect
m_Chance,1,
m_TokenRemoveId,mmd_token_disturb_meta_u,
m_TokenRemoveAmount,99,
m_ShowValue,False,
m_IsVisible,False,
element_end
element_start,mmd_disturbing_spores_u_rank_1_effect,Effect
m_Chance,1,
m_TokenAddId,mmd_token_disturb_u,
m_TokenAddAmount,1,
m_IsLockedTeamPosition,True,
all_conditions,mmd_disturbing_spores_u_target_is_in_rank_1,
element_end
element_start,mmd_disturbing_spores_u_target_is_in_rank_1,Condition
m_ConditionType,rank,
m_ConditionActorType,TARGET,
m_ConditionNumber,1,
m_ConditionNumberType,PARAMETER,
m_IsVisible,False,
element_end
element_start,mmd_disturbing_spores_u,Unlock
m_RequirementIds,mmd_disturbing_spores,
m_CostId,hero_skill_upgrade,
element_end


element_start,mmd_assortment,ActorDataSkill
m_IsFriendly,True,
m_IsFriendlySelfTargetValid,True,
launch_ranks,1,2,3,4,
target_ranks,1,2,3,4,
m_IsMultiHit,True,
m_AverageRankIgnored,True,
m_ValidActOutTypes,skill_before,skill_after,skill_additional,
m_Tags,mmd_assortment,
m_IsStallInvalidating,False,
m_AllConditionIds,target_is_not_corpse_hidden,
m_Limit,1,
element_end
element_start,mmd_assortment,ActorDataEffects
target_apply_limit_effects,mmd_assortment_disease,mmd_assortment_bleed,mmd_assortment_blight,
target_apply_limit,1,
element_end
element_start,mmd_assortment_disease,Effect
m_Chance,1,
buffs,mmd_assortment_disease_buff,
element_end
element_start,mmd_assortment_disease_buff,Buff
m_DurationType,combat_end,
m_DurationAmount,1,
m_Tags,buff,
element_end
element_start,mmd_assortment_disease_buff,ActorDataStats
sub_stat,resistance,disease,0.30,
element_end
element_start,mmd_assortment_bleed,Effect
m_Chance,1.,
buffs,mmd_assortment_bleed_buff,
element_end
element_start,mmd_assortment_bleed_buff,Buff
m_DurationType,combat_end,
m_DurationAmount,1,
m_Tags,buff,
element_end
element_start,mmd_assortment_bleed_buff,ActorDataStats
sub_stat,resistance,bleed,0.30,
element_end
element_start,mmd_assortment_blight,Effect
m_Chance,1,
buffs,mmd_assortment_blight_buff,
element_end
element_start,mmd_assortment_blight_buff,Buff
m_DurationType,combat_end,
m_DurationAmount,1,
m_Tags,buff,
element_end
element_start,mmd_assortment_blight_buff,ActorDataStats
sub_stat,resistance,blight,0.30,
element_end

element_start,mmd_assortment_u,ActorDataSkill
m_IsFriendly,True,
m_IsFriendlySelfTargetValid,True,
launch_ranks,1,2,3,4,
target_ranks,1,2,3,4,
m_IsMultiHit,True,
m_AverageRankIgnored,True,
m_ValidActOutTypes,skill_before,skill_after,skill_additional,
m_Tags,mmd_assortment,
m_ConditionIdOverride,mmd_assortment,
m_SkillHistoryIdOverride,mmd_assortment,
m_IsStallInvalidating,False,
m_SkillModifierChanceModifiers,curse,3,
m_AllConditionIds,target_is_not_corpse_hidden,
m_Limit,1,
element_end
element_start,mmd_assortment_u,ActorDataEffects
target_effects,mmd_assortment_u_disease,mmd_assortment_u_bleed,mmd_assortment_u_blight,
element_end
element_start,mmd_assortment_u_disease,Effect
m_Chance,1,
buffs,mmd_assortment_u_disease_buff,
element_end
element_start,mmd_assortment_u_disease_buff,Buff
m_DurationType,combat_end,
m_DurationAmount,1,
m_Tags,buff,
element_end
element_start,mmd_assortment_u_disease_buff,ActorDataStats
sub_stat,resistance,disease,0.40,
element_end
element_start,mmd_assortment_u_bleed,Effect
m_Chance,1,
buffs,mmd_assortment_u_bleed_buff,
element_end
element_start,mmd_assortment_u_bleed_buff,Buff
m_DurationType,combat_end,
m_DurationAmount,1,
m_Tags,buff,
element_end
element_start,mmd_assortment_u_bleed_buff,ActorDataStats
sub_stat,resistance,bleed,0.40,
element_end
element_start,mmd_assortment_u_blight,Effect
m_Chance,1,
buffs,mmd_assortment_u_blight_buff,
element_end
element_start,mmd_assortment_u_blight_buff,Buff
m_DurationType,combat_end,
m_DurationAmount,1,
m_Tags,buff,
element_end
element_start,mmd_assortment_u_blight_buff,ActorDataStats
sub_stat,resistance,blight,0.40,
element_end
element_start,mmd_assortment_u,Unlock
m_RequirementIds,mmd_assortment,
m_CostId,hero_skill_upgrade,
element_end


element_start,mmd_healing_spores,ActorDataSkill
m_IsFriendly,True,
m_IsFriendlySelfTargetValid,True,
launch_ranks,2,3,4,
target_ranks,1,2,3,4,
m_IsMultiHit,False,
m_Cooldown,2,
m_AverageRankIgnored,False,
m_ValidActOutTypes,skill_before,skill_after,skill_additional,
m_Tags,mmd_healing_spores,
m_IsStallInvalidating,False,
element_end
element_start,mmd_healing_spores,ActorDataEffects
target_effects,mmd_healing_spores_token_effect,remove_all_bleed,remove_all_blight,
element_end
element_start,mmd_healing_spores_token_effect,Effect
m_Chance,1,
m_TokenAddId,mmd_token_heal,
m_TokenAddAmount,1,
m_IsLockedTeamPosition,True,
element_end

element_start,mmd_healing_spores_u,ActorDataSkill
m_IsFriendly,True,
m_IsFriendlySelfTargetValid,True,
launch_ranks,2,3,4,
target_ranks,1,2,3,4,
m_IsMultiHit,False,
m_Cooldown,2,
m_AverageRankIgnored,False,
m_ValidActOutTypes,skill_before,skill_after,skill_additional,
m_Tags,mmd_healing_spores,
m_ConditionIdOverride,mmd_healing_spores,
m_SkillHistoryIdOverride,mmd_healing_spores,
m_IsStallInvalidating,False,
m_SkillModifierChanceModifiers,curse,3,
element_end
element_start,mmd_healing_spores_u,ActorDataEffects
target_effects,mmd_healing_spores_u_token_effect,remove_all_bleed,remove_all_blight,
element_end
element_start,mmd_healing_spores_u_token_effect,Effect
m_Chance,1,
m_TokenAddId,mmd_token_heal_u,
m_TokenAddAmount,1,
m_IsLockedTeamPosition,True,
element_end
element_start,mmd_healing_spores_u,Unlock
m_RequirementIds,mmd_healing_spores,
m_CostId,hero_skill_upgrade,
element_end


element_start,mmd_concealing_mist,ActorDataSkill
m_IsFriendly,True,
m_IsFriendlySelfTargetValid,True,
launch_ranks,3,4,
target_ranks,1,2,3,4,
m_IsMultiHit,True,
m_Cooldown,2,
m_AverageRankIgnored,False,
m_ValidActOutTypes,skill_before,skill_after,skill_additional,
m_Tags,mmd_concealing_mist,
m_IsStallInvalidating,False,
m_AllConditionIds,target_is_not_corpse_hidden,
m_ProfileUnlockId,herostory_MMD_01,
element_end
element_start,mmd_concealing_mist,ActorDataEffects
target_effects,remove_all_combo_visible,mmd_concealing_mist_crit_buff_effect,
element_end
element_start,mmd_concealing_mist_crit_buff_effect,Effect
m_Chance,1,
buffs,mmd_concealing_mist_crit_buff,
element_end
element_start,mmd_concealing_mist_crit_buff,Buff
m_DurationType,performer_turn_end,
m_DurationAmount,2,
m_Tags,debuff,
element_end
element_start,mmd_concealing_mist_crit_buff,ActorDataStats
key_map,crit_chance,
add_stats,0.05,
element_end

element_start,mmd_concealing_mist_u,ActorDataSkill
m_IsFriendly,True,
m_IsFriendlySelfTargetValid,True,
launch_ranks,3,4,
target_ranks,1,2,3,4,
m_IsMultiHit,True,
m_Cooldown,2,
m_AverageRankIgnored,False,
m_ValidActOutTypes,skill_before,skill_after,skill_additional,
m_Tags,mmd_concealing_mist,
m_ConditionIdOverride,mmd_concealing_mist,
m_SkillHistoryIdOverride,mmd_concealing_mist,
m_IsStallInvalidating,False,
m_SkillModifierChanceModifiers,curse,3,
m_AllConditionIds,target_is_not_corpse_hidden,
element_end
element_start,mmd_concealing_mist_u,ActorDataEffects
target_effects,remove_all_combo_visible,mmd_concealing_mist_u_remove_all_marked_for_death,mmd_concealing_mist_u_crit_buff_effect,
element_end
element_start,mmd_concealing_mist_u_remove_all_marked_for_death,Effect
m_Chance,1,
m_TokenRemoveId,marked_for_death,
m_TokenRemoveAmount,99,
m_ShowValue,False,
element_end
element_start,mmd_concealing_mist_u_crit_buff_effect,Effect
m_Chance,1,
buffs,mmd_concealing_mist_u_crit_buff,
element_end
element_start,mmd_concealing_mist_u_crit_buff,Buff
m_DurationType,performer_turn_end,
m_DurationAmount,2,
m_Tags,debuff,
element_end
element_start,mmd_concealing_mist_u_crit_buff,ActorDataStats
key_map,crit_chance,
add_stats,0.10,
element_end
element_start,mmd_concealing_mist_u,Unlock
m_RequirementIds,mmd_concealing_mist,
m_CostId,hero_skill_upgrade,
element_end


element_start,mmd_slowdown,ActorDataSkill
m_IsFriendly,True,
m_IsFriendlySelfTargetValid,True,
launch_ranks,1,2,3,4,
target_ranks,1,2,3,4,
m_IsMultiHit,False,
m_AverageRankIgnored,True,
m_ValidActOutTypes,skill_before,skill_after,skill_additional,
m_Tags,mmd_slowdown,
m_IsStallInvalidating,False,
m_Limit,5,
m_AllConditionIds,mmd_slowdown_condition,
performer_buffs,mmd_slowdown_fake_ignore_resist,
m_IsFreeAction,True,
m_ProfileUnlockId,herostory_MMD_02,
element_end
element_start,mmd_slowdown,ActorDataEffects
target_effects,mmd_slowdown_daze,does_not_end_turn_tool_tip,
element_end
element_start,mmd_slowdown_daze,Effect
m_Chance,1,
m_TokenAddId,daze,
m_TokenAddAmount,1,
m_ShowValue,False,
m_IgnoreResist,True,
element_end
element_start,mmd_slowdown_condition,Condition
m_ConditionType,token_amount,
m_ConditionActorType,TARGET,
m_ConditionString,daze,
m_ConditionNumber,0,
m_ConditionNumberType,EQUAL,
element_end
element_start,mmd_slowdown_fake_ignore_resist,Buff
m_DurationType,skill_calculate,
m_DurationAmount,1,
m_ConditionId,always_return_false_hidden,
element_end


element_start,mmd_slowdown_u,ActorDataSkill
m_IsFriendly,True,
m_IsFriendlySelfTargetValid,True,
launch_ranks,1,2,3,4,
target_ranks,1,2,3,4,
m_IsMultiHit,False,
m_AverageRankIgnored,True,
m_ValidActOutTypes,skill_before,skill_after,skill_additional,
m_Tags,mmd_slowdown,
m_ConditionIdOverride,mmd_slowdown,
m_SkillHistoryIdOverride,mmd_slowdown,
m_IsStallInvalidating,False,
m_SkillModifierChanceModifiers,curse,3,
m_Limit,8,
m_AllConditionIds,mmd_slowdown_condition,
performer_buffs,mmd_slowdown_fake_ignore_resist,
m_IsFreeAction,True,
element_end
element_start,mmd_slowdown_u,ActorDataEffects
target_effects,mmd_slowdown_u_daze,does_not_end_turn_tool_tip,
element_end
element_start,mmd_slowdown_u_daze,Effect
m_Chance,1,
m_TokenAddId,daze,
m_TokenAddAmount,1,
m_ShowValue,False,
m_IgnoreResist,True,
element_end
element_start,mmd_slowdown_u_condition,Condition
m_ConditionType,token_amount,
m_ConditionActorType,TARGET,
m_ConditionString,daze,
m_ConditionNumber,0,
m_ConditionNumberType,EQUAL,
element_end
element_start,mmd_slowdown_u,Unlock
m_RequirementIds,mmd_slowdown,
m_CostId,hero_skill_upgrade,
element_end

element_start,mmd_internal_fruiting,ActorDataSkill
m_IsFriendly,False,
launch_ranks,3,4,
target_ranks,1,2,3,4,
m_IsMultiHit,True,
m_CanBeRiposted,False,
m_AverageRankIgnored,False,
m_ValidActOutTypes,skill_before,skill_after,skill_additional,
m_Tags,ranged,mmd_internal_fruiting,
m_IsStallInvalidating,False,
token_ignores,til_ignore_dodge,
m_AllConditionIds,mmd_has_token_spores,
m_Cooldown,2,
m_ProfileUnlockId,herostory_MMD_03,
element_end
element_start,mmd_internal_fruiting,ActorDataStats
key_map,crit_chance,
add_stats,0.05,
element_end
element_start,mmd_internal_fruiting,ActorDataEffects
target_effects,mmd_internal_fruiting_weak_effect,
element_end
element_start,mmd_internal_fruiting_weak_effect,Effect
m_Chance,1,
m_TokenAddId,weak,
m_TokenAddAmount,1,
m_ShowValue,False,
element_end

element_start,mmd_internal_fruiting_u,ActorDataSkill
m_IsFriendly,False,
launch_ranks,3,4,
target_ranks,1,2,3,4,
m_IsMultiHit,True,
m_CanBeRiposted,False,
m_AverageRankIgnored,False,
m_ValidActOutTypes,skill_before,skill_after,skill_additional,
m_Tags,ranged,mmd_internal_fruiting,
m_ConditionIdOverride,mmd_internal_fruiting,
m_SkillHistoryIdOverride,mmd_internal_fruiting,
m_IsStallInvalidating,False,
m_SkillModifierChanceModifiers,curse,3,
token_ignores,til_ignore_dodge,til_ignore_guard,
m_AllConditionIds,mmd_has_token_spores,
m_Cooldown,2,
element_end
element_start,mmd_internal_fruiting_u,ActorDataStats
key_map,crit_chance,
add_stats,0.15,
element_end
element_start,mmd_internal_fruiting_u,ActorDataEffects
target_effects,mmd_internal_fruiting_u_weak_effect,
element_end
element_start,mmd_internal_fruiting_u_weak_effect,Effect
m_Chance,1,
m_TokenAddId,weak,
m_TokenAddAmount,2,
m_ShowValue,True,
element_end
element_start,mmd_internal_fruiting_u,Unlock
m_RequirementIds,mmd_internal_fruiting,
m_CostId,hero_skill_upgrade,
element_end


element_start,mmd_lycoperdonosis,ActorDataSkill
m_IsFriendly,False,
launch_ranks,3,4,
target_ranks,1,2,3,4,
m_IsMultiHit,False,
m_CanBeRiposted,True,
m_AverageRankIgnored,False,
m_ValidActOutTypes,skill_before,skill_after,skill_additional,
m_Tags,ranged,mmd_lycoperdonosis,
m_IsStallInvalidating,True,
m_AllConditionIds,mmd_has_token_spores,
m_Cooldown,2,
m_ProfileUnlockId,herostory_MMD_04,
element_end
element_start,mmd_lycoperdonosis,ActorDataStats
key_map,health_damage,health_damage_range,crit_chance,
add_stats,2,1,0.05,
element_end
element_start,mmd_lycoperdonosis,ActorDataEffects
actor_effect_triggers,mmd_lycoperdonosis_spores_copy,
element_end
element_start,mmd_lycoperdonosis_spores_copy,ActorEffectTrigger
m_ActorEffectType,target,
m_ActorEffectTriggerSourceType,target,
m_ActorEffectTriggerTargetType,neighbor,
m_NeighborFrontCount,1,
m_NeighborBackCount,1,
m_NeighborActorEffectTriggerSourceType,target,
m_IncludeSourceActor,False,
m_UseActorDataEffectsConditionCalculationInput,True,
m_ActorCount,2,
m_ApplyLimit,2,
effects,mmd_lycoperdonosis_add_heal,mmd_lycoperdonosis_add_curse,mmd_lycoperdonosis_add_disturb,mmd_lycoperdonosis_add_mire,
effects,mmd_lycoperdonosis_add_heal_u,mmd_lycoperdonosis_add_curse_u,mmd_lycoperdonosis_add_disturb_u,mmd_lycoperdonosis_add_mire_u,
element_end
element_start,mmd_lycoperdonosis_add_heal,Effect
m_Chance,1,
m_TokenAddId,mmd_token_heal,
m_TokenAddAmount,1,
m_ShowValue,False,
all_conditions,mmd_has_exact_token_heal,
m_IsLockedTeamPosition,True,
element_end
element_start,mmd_lycoperdonosis_add_curse,Effect
m_Chance,1,
m_TokenAddId,mmd_token_curse,
m_TokenAddAmount,1,
m_ShowValue,False,
all_conditions,mmd_has_exact_token_curse,
m_IsLockedTeamPosition,True,
element_end
element_start,mmd_lycoperdonosis_add_disturb,Effect
m_Chance,1,
m_TokenAddId,mmd_token_disturb,
m_TokenAddAmount,1,
m_ShowValue,False,
all_conditions,mmd_has_exact_token_disturb,
m_IsLockedTeamPosition,True,
element_end
element_start,mmd_lycoperdonosis_add_mire,Effect
m_Chance,1,
m_TokenAddId,mmd_token_mire,
m_TokenAddAmount,1,
m_ShowValue,False,
all_conditions,mmd_has_exact_token_mire,
m_IsLockedTeamPosition,True,
element_end
element_start,mmd_lycoperdonosis_add_heal_u,Effect
m_Chance,1,
m_TokenAddId,mmd_token_heal_u,
m_TokenAddAmount,1,
m_ShowValue,False,
all_conditions,mmd_has_exact_token_heal_u,
m_IsLockedTeamPosition,True,
element_end
element_start,mmd_lycoperdonosis_add_curse_u,Effect
m_Chance,1,
m_TokenAddId,mmd_token_curse_u,
m_TokenAddAmount,1,
m_ShowValue,False,
all_conditions,mmd_has_exact_token_curse_u,
m_IsLockedTeamPosition,True,
element_end
element_start,mmd_lycoperdonosis_add_disturb_u,Effect
m_Chance,1,
m_TokenAddId,mmd_token_disturb_u,
m_TokenAddAmount,1,
m_ShowValue,False,
all_conditions,mmd_has_exact_token_disturb_u,
m_IsLockedTeamPosition,True,
element_end
element_start,mmd_lycoperdonosis_add_mire_u,Effect
m_Chance,1,
m_TokenAddId,mmd_token_mire_u,
m_TokenAddAmount,1,
m_ShowValue,False,
all_conditions,mmd_has_exact_token_mire_u,
m_IsLockedTeamPosition,True,
element_end

element_start,mmd_lycoperdonosis_u,ActorDataSkill
m_IsFriendly,False,
launch_ranks,3,4,
target_ranks,1,2,3,4,
m_IsMultiHit,False,
m_CanBeRiposted,True,
m_AverageRankIgnored,False,
m_ValidActOutTypes,skill_before,skill_after,skill_additional,
m_Tags,ranged,mmd_lycoperdonosis,
m_ConditionIdOverride,mmd_lycoperdonosis,
m_SkillHistoryIdOverride,mmd_lycoperdonosis,
m_IsStallInvalidating,True,
m_SkillModifierChanceModifiers,curse,3,
m_AllConditionIds,mmd_has_token_spores,
m_Cooldown,1,
element_end
element_start,mmd_lycoperdonosis_u,ActorDataStats
key_map,health_damage,health_damage_range,crit_chance,
add_stats,3,2,0.10,
element_end
element_start,mmd_lycoperdonosis_u,ActorDataEffects
actor_effect_triggers,mmd_lycoperdonosis_u_spores_copy,
element_end
element_start,mmd_lycoperdonosis_u_spores_copy,ActorEffectTrigger
m_ActorEffectType,target,
m_ActorEffectTriggerSourceType,target,
m_ActorEffectTriggerTargetType,neighbor,
m_NeighborFrontCount,1,
m_NeighborBackCount,1,
m_NeighborActorEffectTriggerSourceType,target,
m_IncludeSourceActor,False,
m_UseActorDataEffectsConditionCalculationInput,True,
m_ActorCount,2,
m_ApplyLimit,2,
effects,mmd_lycoperdonosis_add_heal,mmd_lycoperdonosis_add_curse,mmd_lycoperdonosis_add_disturb,mmd_lycoperdonosis_add_mire,
effects,mmd_lycoperdonosis_add_heal_u,mmd_lycoperdonosis_add_curse_u,mmd_lycoperdonosis_add_disturb_u,mmd_lycoperdonosis_add_mire_u,
element_end
element_start,mmd_lycoperdonosis_u,Unlock
m_RequirementIds,mmd_lycoperdonosis,
m_CostId,hero_skill_upgrade,
element_end


element_start,mmd_parasitic_forms,ActorDataSkill
m_IsFriendly,True,
m_IsFriendlySelfTargetValid,True,
launch_ranks,2,3,4,
target_ranks,1,2,3,4,
m_IsMultiHit,True,
m_AverageRankIgnored,False,
m_ValidActOutTypes,skill_before,skill_after,skill_additional,
m_Tags,mmd_parasitic_forms,
m_IsStallInvalidating,False,
m_AllConditionIds,hero_party_has_less_than_4_allies_hidden,
m_Limit,2,
m_Cooldown,1,
m_ProfileUnlockId,herostory_MMD_05,
element_end
element_start,mmd_parasitic_forms,ActorDataEffects
performer_effects,health_damage_10pct,mmd_parasitic_forms_summon,
friendly_team_effects,clear_corpse,mmd_parasitic_forms_stress,
enemy_team_effects,clear_corpse,
element_end
element_start,mmd_parasitic_forms_summon,Effect
m_Chance,1,
m_SummonClassActorId,mmd_corpse,
m_SummonLocationType,BACK,
m_SummonIfRoom,True,
element_end
element_start,mmd_parasitic_forms_stress,Effect
m_Chance,1,
m_StressDamage,1,
element_end

element_start,mmd_parasitic_forms_u,ActorDataSkill
m_IsFriendly,True,
m_IsFriendlySelfTargetValid,True,
launch_ranks,2,3,4,
target_ranks,1,2,3,4,
m_IsMultiHit,True,
m_AverageRankIgnored,False,
m_ValidActOutTypes,skill_before,skill_after,skill_additional,
m_Tags,mmd_parasitic_forms,
m_ConditionIdOverride,mmd_parasitic_forms,
m_SkillHistoryIdOverride,mmd_parasitic_forms,
m_IsStallInvalidating,False,
m_SkillModifierChanceModifiers,curse,3,
m_AllConditionIds,hero_party_has_less_than_4_allies_hidden,
m_Limit,4,
element_end
element_start,mmd_parasitic_forms_u,ActorDataEffects
performer_effects,health_damage_10pct,mmd_parasitic_forms_u_summon,
friendly_team_effects,clear_corpse,mmd_parasitic_forms_u_stress,
enemy_team_effects,clear_corpse,
element_end
element_start,mmd_parasitic_forms_u_summon,Effect
m_Chance,1,
m_SummonClassActorId,mmd_corpse_u,
m_SummonLocationType,BACK,
m_SummonIfRoom,True,
element_end
element_start,mmd_parasitic_forms_u_stress,Effect
m_Chance,1,
m_StressDamage,1,
element_end
element_start,mmd_parasitic_forms_u,Unlock
m_RequirementIds,mmd_parasitic_forms,
m_CostId,hero_skill_upgrade,
element_end


element_start,mmd_mycelium_mire,ActorDataSkill
m_IsFriendly,False,
launch_ranks,2,3,4,
target_ranks,1,2,3,4,
m_IsMultiHit,False,
m_CanBeRiposted,True,
m_AverageRankIgnored,False,
m_ValidActOutTypes,skill_before,skill_after,skill_additional,
m_Tags,melee,mmd_mycelium_mire,
token_ignores,mmd_ignore_dodge_hidden,
m_IsStallInvalidating,True,
m_Cooldown,3,
m_ProfileUnlockId,herostory_MMD_05,
element_end
element_start,mmd_mycelium_mire,ActorDataStats
key_map,health_damage,health_damage_range,crit_chance,
add_stats,2,1,0.10,
element_end
element_start,mmd_mycelium_mire,ActorDataEffects
enemy_team_effects,remove_all_block,remove_all_block_plus,remove_all_dodge,remove_all_dodge_plus,remove_all_blind,remove_all_stealth,mmd_mycelium_mire_add_token_strength,mmd_mycelium_mire_add_token_vulnerable,remove_1_deaths_door_armor,
friendly_team_effects,remove_all_block,remove_all_block_plus,remove_all_dodge,remove_all_dodge_plus,remove_all_blind,remove_all_stealth,mmd_mycelium_mire_add_token_strength,mmd_mycelium_mire_add_token_vulnerable,mmd_mycelium_mire_deathblowresist_effect,
element_end
element_start,mmd_mycelium_mire_deathblowresist_effect,Effect
m_Chance,1,
buffs,mmd_mycelium_mire_deathblowresist,
element_end
element_start,mmd_mycelium_mire_add_token_mire,Effect
m_Chance,1,
m_TokenAddId,mmd_token_mire,
m_TokenAddAmount,1,
m_IsLockedTeamPosition,True,
element_end
element_start,mmd_mycelium_mire_deathblowresist,Buff
m_DurationType,round_end,
m_DurationAmount,3,
element_end
element_start,mmd_mycelium_mire_deathblowresist,ActorDataStats
sub_stat,resistance,death,-0.2,
element_end
element_start,mmd_mycelium_mire_add_token_strength,Effect
m_Chance,1,
m_TokenAddId,strength,
m_TokenAddAmount,1,
m_ShowValue,False,
element_end
element_start,mmd_mycelium_mire_add_token_vulnerable,Effect
m_Chance,1,
m_TokenAddId,vulnerable,
m_TokenAddAmount,1,
m_ShowValue,False,
element_end
element_start,mmd_ignore_dodge_hidden,TokenIgnore
m_IgnoredTokenIds,dodge,dodge_plus,
m_IsVisible,False,
element_end

element_start,mmd_mycelium_mire_u,ActorDataSkill
m_IsFriendly,False,
launch_ranks,2,3,4,
target_ranks,1,2,3,4,
m_IsMultiHit,False,
m_CanBeRiposted,True,
m_AverageRankIgnored,False,
m_ValidActOutTypes,skill_before,skill_after,skill_additional,
m_Tags,melee,mmd_mycelium_mire,
token_ignores,mmd_ignore_dodge_hidden,
m_ConditionIdOverride,mmd_mycelium_mire,
m_SkillHistoryIdOverride,mmd_mycelium_mire,
m_IsStallInvalidating,True,
m_SkillModifierChanceModifiers,curse,3,
m_Cooldown,2,
element_end
element_start,mmd_mycelium_mire_u,ActorDataStats
key_map,health_damage,health_damage_range,crit_chance,
add_stats,4,3,0.20,
element_end
element_start,mmd_mycelium_mire_u,ActorDataEffects
enemy_team_effects,remove_all_block,remove_all_block_plus,remove_all_dodge,remove_all_dodge_plus,remove_all_blind,remove_all_stealth,mmd_mycelium_mire_add_token_strength,mmd_mycelium_mire_add_token_vulnerable,remove_1_deaths_door_armor,
friendly_team_effects,remove_all_block,remove_all_block_plus,remove_all_dodge,remove_all_dodge_plus,remove_all_blind,remove_all_stealth,mmd_mycelium_mire_add_token_strength,mmd_mycelium_mire_add_token_vulnerable,mmd_mycelium_mire_u_deathblowresist_effect,
element_end
element_start,mmd_mycelium_mire_u_deathblowresist_effect,Effect
m_Chance,1,
buffs,mmd_mycelium_mire_u_deathblowresist,
element_end
element_start,mmd_mycelium_mire_u_add_token_mire,Effect
m_Chance,1,
m_TokenAddId,mmd_token_mire_u,
m_TokenAddAmount,1,
m_IsLockedTeamPosition,True,
element_end
element_start,mmd_mycelium_mire_u_deathblowresist,Buff
m_DurationType,round_end,
m_DurationAmount,1,
element_end
element_start,mmd_mycelium_mire_u_deathblowresist,ActorDataStats
sub_stat,resistance,death,-0.2,
element_end
element_start,mmd_mycelium_mire_u,Unlock
m_RequirementIds,mmd_mycelium_mire,
m_CostId,hero_skill_upgrade,
element_end

















// Altar of Hope, Hero Trinkets, Signature item


element_start,mmd,UnlockTrack
m_ProgressGroupId,base,
unlocks,mmd_1,mmd_2,mmd_3,mmd_4,mmd_5,mmd_6,mmd_7,mmd_8,mmd_9,mmd_10,mmd_11,mmd_12,mmd_13,
element_end
element_start,mmd_1,Unlock
element_end
element_start,mmd_1,Cost
m_ProfileValueType,candles,
m_ProfileValue,2,
element_end
element_start,mmd_2,Unlock
element_end
element_start,mmd_2,Cost
m_ProfileValueType,candles,
m_ProfileValue,2,
element_end
element_start,mmd_3,Unlock
element_end
element_start,mmd_3,Cost
m_ProfileValueType,candles,
m_ProfileValue,2,
element_end
element_start,mmd_4,Unlock
element_end
element_start,mmd_4,Cost
m_ProfileValueType,candles,
m_ProfileValue,2,
element_end
element_start,mmd_5,Unlock
element_end
element_start,mmd_5,Cost
m_ProfileValueType,candles,
m_ProfileValue,3,
element_end
element_start,mmd_6,Unlock
element_end
element_start,mmd_6,Cost
m_ProfileValueType,candles,
m_ProfileValue,3,
element_end
element_start,mmd_7,Unlock
element_end
element_start,mmd_7,Cost
m_ProfileValueType,candles,
m_ProfileValue,3,
element_end
element_start,mmd_8,Unlock
element_end
element_start,mmd_8,Cost
m_ProfileValueType,candles,
m_ProfileValue,3,
element_end
element_start,mmd_9,Unlock
element_end
element_start,mmd_9,Cost
m_ProfileValueType,candles,
m_ProfileValue,5,
element_end
element_start,mmd_10,Unlock
element_end
element_start,mmd_10,Cost
m_ProfileValueType,candles,
m_ProfileValue,5,
element_end
element_start,mmd_11,Unlock
element_end
element_start,mmd_11,Cost
m_ProfileValueType,candles,
m_ProfileValue,5,
element_end
element_start,mmd_12,Unlock
element_end
element_start,mmd_12,Cost
m_ProfileValueType,candles,
m_ProfileValue,8,
element_end
element_start,mmd_13,Unlock
element_end
element_start,mmd_13,Cost
m_ProfileValueType,candles,
m_ProfileValue,10,
element_end


element_start,mmd_ut_1,Buff
m_DurationType,infinite,
m_UnlockId,mmd_1,
element_end
element_start,mmd_ut_1,ActorDataStats
sub_stat,resistance,death,0.05,
element_end

element_start,mmd_ut_4,Buff
m_DurationType,infinite,
m_UnlockId,mmd_4,
element_end
element_start,mmd_ut_4,ActorDataStats
sub_stat,resistance,death,0.05,
element_end

element_start,mmd_ut_7,Buff
m_DurationType,infinite,
m_UnlockId,mmd_7,
element_end
element_start,mmd_ut_7,ActorDataStats
sub_stat,resistance,bleed,0.1,
element_end

element_start,mmd_ut_8,Buff
m_DurationType,infinite,
m_UnlockId,mmd_8,
element_end
element_start,mmd_ut_8,ActorDataStats
sub_stat,resistance,death,0.05,
element_end

element_start,mmd_ut_11,Buff
m_DurationType,infinite,
m_UnlockId,mmd_11,
element_end
element_start,mmd_ut_11,ActorDataStats
sub_stat,resistance,burn,0.1,
element_end

element_start,mmd_ut_12,Buff
m_DurationType,infinite,
m_UnlockId,mmd_12,
element_end
element_start,mmd_ut_12,ActorDataStats
sub_stat,resistance,death,0.05,
element_end



element_start,trinket_hero_mmd_sword,Item
m_type,trinket,
m_tags,weapon,
m_possessionLimit,1,
m_maxQty,1,
m_combinable,False,
m_isConsumable,False,
sub_type,epic,
m_UnlockId,mmd_2,
m_buyCostId,trinket_hero_mmd_sword_buy_cost,
m_sellCostId,trinket_indelible_sell_cost,
m_DiscardGameScorePerQty,1,
m_conditionIds,performer_is_mmd,
element_end
element_start,trinket_hero_mmd_sword_buy_cost,Cost
m_ItemTag,faction,
m_ItemQty,65,
element_end
element_start,trinket_hero_mmd_sword,ActorDataExternalBuffs
buffs,trinket_hero_mmd_sword_apply_weak_buff,trinket_hero_mmd_sword_on_resist,trinket_hero_mmd_sword_military_debuff,
element_end
element_start,trinket_hero_mmd_sword_military_debuff,Buff
m_DurationType,infinite,
m_Tags,debuff,
element_end
element_start,trinket_hero_mmd_sword_military_debuff,ActorDataEffects
combat_start_effects,trinket_hero_mmd_sword_military_stun,
element_end
element_start,trinket_hero_mmd_sword_military_stun,Effect
m_Chance,1,
m_TokenAddId,stun,
m_TokenAddAmount,1,
m_ShowValue,False,
all_conditions,mmd_enemy_party_contains_military,
element_end
element_start,mmd_enemy_party_contains_military,Condition
m_ConditionType,tag,
m_ConditionActorType,MONSTERS,
m_ConditionString,military,
m_ConditionNumber,1,
m_ConditionNumberType,GREATER_THAN_OR_EQUAL,
element_end
element_start,trinket_hero_mmd_sword_on_resist,Buff
m_DurationType,infinite,
element_end
element_start,trinket_hero_mmd_sword_on_resist,ActorDataEffects
actor_effect_triggers,trinket_hero_mmd_sword_on_resist_aet,
element_end
element_start,trinket_hero_mmd_sword_on_resist_aet,ActorEffectTrigger
m_ActorEffectType,on_resist,
m_ActorEffectTriggerSourceType,target,
m_ActorEffectTriggerTargetType,target,
m_IncludeSourceActor,True,
m_ActorCount,2,
effects,block_plus_if_stun_resist,block_plus_if_move_resist,block_plus_if_daze_resist,
element_end
element_start,trinket_hero_mmd_sword_apply_weak_buff,Buff
m_DurationType,infinite,
element_end
element_start,trinket_hero_mmd_sword_apply_weak_buff,ActorDataEffects
target_effects,trinket_hero_mmd_sword_apply_weak_buff_effect,
element_end
element_start,trinket_hero_mmd_sword_apply_weak_buff_effect,Effect
m_Chance,1,
m_TokenAddId,weak,
m_TokenAddAmount,1,
m_ShowValue,False,
all_conditions,mmd_skill_is_hyphae_rock,
element_end
element_start,mmd_skill_is_hyphae_rock,Condition
m_ConditionType,skill,
m_ConditionActorType,NONE,
m_ConditionString,mmd_hyphae_rock,
m_ConditionNumberType,BOOL,
element_end




element_start,trinket_hero_mmd_feathers,Item
m_type,trinket,
m_possessionLimit,1,
m_maxQty,1,
m_combinable,False,
m_isConsumable,False,
sub_type,epic,
m_UnlockId,mmd_5,
m_buyCostId,trinket_hero_mmd_feathers_buy_cost,
m_sellCostId,trinket_indelible_sell_cost,
m_DiscardGameScorePerQty,1,
m_conditionIds,performer_is_mmd,
element_end
element_start,trinket_hero_mmd_feathers_buy_cost,Cost
m_ItemTag,faction,
m_ItemQty,65,
element_end
element_start,trinket_hero_mmd_feathers,ActorDataExternalBuffs
buffs,trinket_hero_mmd_feathers_stun,trinket_hero_mmd_feathers_fire_debuff,trinket_hero_mmd_feathers_fire_buff,
element_end
element_start,trinket_hero_mmd_feathers_stun,Buff
m_DurationType,infinite,
element_end
element_start,trinket_hero_mmd_feathers_stun,ActorDataStats
sub_stat,resistance,stun,0.40,
element_end
element_start,trinket_hero_mmd_feathers_fire_buff,Buff
m_DurationType,infinite,
element_end
element_start,trinket_hero_mmd_feathers_fire_buff,ActorDataEffects
target_effects,trinket_hero_mmd_feathers_fire_buff_effect,
element_end
element_start,trinket_hero_mmd_feathers_fire_buff_effect,Effect
m_Chance,1,
buffs,trinket_hero_mmd_feathers_fire_buff_effect_buff,
all_conditions,target_has_ally_tag_not_self,
element_end
element_start,trinket_hero_mmd_feathers_fire_buff_effect_buff,Buff
m_DurationType,round_end,
m_DurationAmount,2,
m_Tags,buff,
element_end
element_start,trinket_hero_mmd_feathers_fire_buff_effect_buff,ActorDataStats
sub_stat,dot_effect_value_dealt_change,burn,1,
element_end
element_start,trinket_hero_mmd_feathers_fire_debuff,Buff
m_DurationType,infinite,
element_end
element_start,trinket_hero_mmd_feathers_fire_debuff,ActorDataStats
sub_stat,resistance,burn,-0.30,
element_end


element_start,trinket_hero_mmd_sample,Item
m_type,trinket,
m_possessionLimit,1,
m_maxQty,1,
m_combinable,False,
m_isConsumable,False,
sub_type,epic,
m_UnlockId,mmd_9,
m_buyCostId,trinket_hero_mmd_sample_buy_cost,
m_sellCostId,trinket_indelible_sell_cost,
m_DiscardGameScorePerQty,1,
m_conditionIds,performer_is_mmd,
element_end
element_start,trinket_hero_mmd_sample_buy_cost,Cost
m_ItemTag,faction,
m_ItemQty,65,
element_end
element_start,trinket_hero_mmd_sample,ActorDataExternalBuffs
buffs,trinket_hero_mmd_sample_summon,trinket_hero_mmd_sample_strength,trinket_hero_mmd_sample_stun,
element_end
element_start,trinket_hero_mmd_sample_summon,Buff
m_DurationType,infinite,
element_end
element_start,trinket_hero_mmd_sample_summon,ActorDataEffects
combat_start_effects,trinket_hero_mmd_sample_summon_effect,trinket_hero_mmd_sample_summon_effect_hidden,trinket_hero_mmd_sample_summon_effect_hidden,
element_end
element_start,trinket_hero_mmd_sample_summon_effect,Effect
m_Chance,1,
m_SummonClassActorId,mmd_corpse_u,
m_SummonLocationType,BACK,
m_SummonIfRoom,True,
element_end
element_start,trinket_hero_mmd_sample_summon_effect_hidden,Effect
m_Chance,1,
m_SummonClassActorId,mmd_corpse_u,
m_SummonLocationType,BACK,
m_SummonIfRoom,True,
m_IsVisible,False,
element_end
element_start,trinket_hero_mmd_sample_strength,Buff
m_DurationType,infinite,
element_end
element_start,trinket_hero_mmd_sample_strength,ActorDataEffects
actor_effect_triggers,trinket_hero_mmd_sample_strength_ae,
element_end
element_start,trinket_hero_mmd_sample_strength_ae,ActorEffectTrigger
m_ActorEffectType,round_start,
m_ActorEffectTriggerSourceType,target,
m_ActorEffectTriggerTargetType,neighbor,
m_NeighborFrontCount,1,
m_IncludeSourceActor,False,
m_ActorCount,1,
effects,add_1_strength_target_not_corpse,
element_end
element_start,trinket_hero_mmd_sample_stun,Buff
m_DurationType,infinite,
element_end
element_start,trinket_hero_mmd_sample_stun,ActorDataEffects
turn_end_effects,trinket_hero_mmd_sample_stun_effect,
element_end
element_start,trinket_hero_mmd_sample_stun_effect,Effect
m_Chance,0.5,
m_TokenAddId,stun,
m_TokenAddAmount,1,
m_ShowValue,False,
all_conditions,performer_is_in_rank_4,
element_end


element_start,mmd_penicillin,Item
m_conditionIds,hero_party_has_mmd,
m_type,rest,
m_tags,
m_maxQty,1,
m_DiscardGameScorePerQty,1,
m_combinable,True,
sub_type,hero,
m_possessionLimit,1,
m_usedInCombat,False,
m_usedInDriving,False,
m_usedInInn,True,
m_isConsumable,True,
m_numberOfTargets,4,
m_effectIds,mmd_penicillin_effect_cure,mmd_penicillin_effect_disease,mmd_penicillin_effect_blight,
m_buyCostId,cost_relics_32,
element_end
element_start,mmd_penicillin_effect_cure,Effect
m_Chance,0.8,
m_QuirkRemoveTag,disease,
m_QuirkRemoveAmount,1,
m_QuirkRemoveAmountRange,0,
element_end
element_start,mmd_penicillin_effect_disease,Effect
m_Chance,0.6,
buffs,mmd_penicillin_buff_disease,
element_end
element_start,mmd_penicillin_buff_disease,Buff
m_DurationType,inn_start,
m_DurationAmount,1,
m_Tags,buff_pop_text,
element_end
element_start,mmd_penicillin_buff_disease,ActorDataStats
sub_stat,resistance,disease,0.3,
element_end
element_start,mmd_penicillin_effect_blight,Effect
m_Chance,0.6,
buffs,mmd_penicillin_buff_blight,
element_end
element_start,mmd_penicillin_buff_blight,Buff
m_DurationType,inn_start,
m_DurationAmount,1,
m_Tags,buff_pop_text,
element_end
element_start,mmd_penicillin_buff_blight,ActorDataStats
sub_stat,resistance,blight,0.2,
element_end
element_start,mmd_signature_item_buff,Buff
m_DurationType,infinite,
m_UnlockId,mmd_13,
element_end
element_start,mmd_signature_item_buff,ActorDataEffects
inn_start_effects,mmd_signature_item_effect,
element_end
element_start,mmd_signature_item_effect,Effect
m_Chance,0.05,
m_LootIds,mmd_penicillin_inn,
element_end
element_start,mmd_penicillin_inn,LootTable
m_chances,1,
m_qtys,1,
m_ids,mmd_penicillin,
m_types,item,
element_end









element_start,kingdom_inn_has_mmd,Condition
m_ConditionType,kingdom_class,
m_ConditionString,mmd,
m_ConditionNumber,1,
m_ConditionNumberType,EQUAL,
element_end
element_start,SIGNATURE_INN_ITEMS,LootTable
m_chances,1,1,
m_qtys,1,1,
m_ids,mmd_penicillin,mmd_penicillin,
m_types,item,item,
m_tags,
m_conditions,hero_party_has_mmd,kingdom_inn_has_mmd,
element_end
element_start,TRINKETS_HERO_ALL,LootTable
m_chances,1,1,1,1,1,1,
m_qtys,1,1,1,1,1,1,
m_ids,trinket_hero_mmd_sample,trinket_hero_mmd_feathers,trinket_hero_mmd_sword,trinket_hero_mmd_sample,trinket_hero_mmd_feathers,trinket_hero_mmd_sword,
m_types,item,item,item,item,item,item,
m_tags,
m_conditions,hero_party_has_mmd,hero_party_has_mmd,hero_party_has_mmd,kingdom_inn_has_mmd,kingdom_inn_has_mmd,kingdom_inn_has_mmd,
element_end
element_start,TRINKETS_HERO_ALL_UNCONDITIONAL,LootTable
m_chances,1,1,1,
m_qtys,1,1,1,
m_ids,trinket_hero_mmd_sample,trinket_hero_mmd_feathers,trinket_hero_mmd_sword,
m_types,item,item,item,
m_tags,
m_conditions,
element_end
element_start,TRINKETS_HERO_MMD,LootTable
m_chances,1,1,1,
m_qtys,1,1,1,
m_ids,trinket_hero_mmd_sample,trinket_hero_mmd_feathers,trinket_hero_mmd_sword,
m_types,item,item,item,
m_tags,
m_conditions,hero_party_has_mmd,hero_party_has_mmd,hero_party_has_mmd,
element_end
element_start,TRINKETS_HERO_MMD_UNCONDITIONAL,LootTable
m_chances,1,1,1,
m_qtys,1,1,1,
m_ids,trinket_hero_mmd_sample,trinket_hero_mmd_feathers,trinket_hero_mmd_sword,
m_types,item,item,item,
m_tags,
m_conditions,
element_end
element_start,inn_valley,LootTable
m_chances,1,1,1,1,
m_qtys,1,1,1,1,
m_ids,mmd_penicillin,trinket_hero_mmd_feathers,trinket_hero_mmd_sword,trinket_hero_mmd_sample,
m_types,item,item,item,item,
m_conditions,always_return_false_hidden,always_return_false_hidden,always_return_false_hidden,always_return_false_hidden,
element_end

































// Kingdoms
element_start,mmd_skill_kit_1,SkillSet
skills,mmd_heavy_cage,mmd_hyphae_rock,mmd_assortment,mmd_healing_spores,mmd_disturbing_spores,
element_end
element_start,mmd_skill_kit_2,SkillSet
skills,mmd_heavy_cage,mmd_hyphae_rock,mmd_concealing_mist,mmd_healing_spores,mmd_mycelium_mire,
element_end
element_start,mmd_skill_kit_3,SkillSet
skills,mmd_heavy_cage,mmd_hyphae_rock,mmd_concealing_mist,mmd_parasitic_forms,mmd_disturbing_spores,
element_end
element_start,mmd_skill_kit_4,SkillSet
skills,mmd_heavy_cage,mmd_hyphae_rock,mmd_slowdown,mmd_healing_spores,mmd_lycoperdonosis,
element_end

element_start,mmd,ActorDataExternalBuffs
buffs,mmd_kingdoms_buff_1,mmd_kingdoms_buff_2,mmd_kingdoms_buff_3,mmd_kingdoms_buff_4,mmd_kingdoms_buff_5,
element_end
element_start,mmd,ActorDataEffects
respawn_effects,respawn_add_quirk,respawn_remove_unlock,temp_kingdom_roster_buff,
element_end

element_start,mmd_kingdoms_buff_1,Buff
m_DurationType,infinite,
m_UnlockId,kingdom_hero_upgrade_1,
m_Tags,character_sheet_condition,
element_end
element_start,mmd_kingdoms_buff_1,ActorDataStats
sub_stat,resistance,death,0.05,
sub_stat,resistance,disease,0.1,
sub_stat,resistance,stun,0.1,
add_stat,wound_percent_max,-0.1,
element_end
element_start,mmd_kingdoms_buff_2,Buff
m_DurationType,infinite,
m_UnlockId,kingdom_hero_upgrade_2,
m_Tags,character_sheet_condition,
element_end
element_start,mmd_kingdoms_buff_2,ActorDataStats
key_map,health_max,
add_stats,8,
element_end
element_start,mmd_kingdoms_buff_3,Buff
m_DurationType,infinite,
m_UnlockId,kingdom_hero_upgrade_3,
m_Tags,character_sheet_condition,
element_end
element_start,mmd_kingdoms_buff_3,ActorDataStats
sub_stat,resistance,death,0.1,
sub_stat,resistance,blight,0.1,
add_stat,wound_percent_max,-0.05,
element_end
element_start,mmd_kingdoms_buff_4,Buff
m_DurationType,infinite,
m_UnlockId,kingdom_hero_upgrade_4,
m_Tags,character_sheet_condition,
element_end
element_start,mmd_kingdoms_buff_4,ActorDataStats
sub_stat,resistance,death,0.1,
sub_stat,resistance,debuff,0.1,
add_stat,wound_percent_max,-0.1,
element_end
element_start,mmd_kingdoms_buff_5,Buff
m_DurationType,infinite,
m_UnlockId,kingdom_hero_upgrade_5,
m_Tags,character_sheet_condition,
element_end
element_start,mmd_kingdoms_buff_5,ActorDataStats
key_map,health_max,
add_stats,8,
element_end





























// Shrine of Reflection

element_start,herostory_MMD_01,StoryChoice
m_AnyTags,Hero,
m_DrawTags,herostory,
m_Chance,1,
m_AlignmentId,
m_ProgressGroupId,base_story,
all_conditions,performer_is_mmd,
m_ResultType,COMBAT,
m_ResultBattleConfigurationId,mmd_chapter_1,
element_end
element_start,herostory_MMD_01,Unlock
element_end
element_start,herostory_MMD_01,Condition
m_ConditionType,profile_unlock,
m_ConditionString,herostory_MMD_01,
m_ConditionNumberType,BOOL,
element_end
element_start,mmd_chapter_1,BattleConfiguration
m_Chance,1,
m_BackgroundSceneOverride,combat_arena_hero_story_highwayman_origin_2,
m_TorchOverride,no_torch,
m_RunDataStatsId,no_retreat,
m_EndAtMaxStress,True,
m_PlayerActors,peasant_militia_melee_b,
m_EnemyActors,mmd_story_plate_1,
m_CompleteStoryLootTables,hero_story_rewards_all,
m_ResultActors,peasant_militia_melee_b,
m_IsStallInvalidating,True,
m_IsRollBattleModifier,False,
m_TokenViewValid,False,
element_end

element_start,herostory_MMD_02,StoryChoice
m_AnyTags,Hero,
m_DrawTags,herostory,
m_Chance,1,
m_AlignmentId,
m_ProgressGroupId,base_story,
all_conditions,performer_is_mmd,herostory_MMD_01,
m_ResultType,COMBAT,
m_ResultBattleConfigurationId,mmd_chapter_2,
element_end
element_start,herostory_MMD_02,Unlock
element_end
element_start,herostory_MMD_02,Condition
m_ConditionType,profile_unlock,
m_ConditionString,herostory_MMD_02,
m_ConditionNumberType,BOOL,
element_end
element_start,mmd_chapter_2,BattleConfiguration
m_Chance,1,
m_BackgroundSceneOverride,combat_arena_hero_story_abomination_origin_2,
m_TorchOverride,no_torch,
m_RunDataStatsId,no_retreat,
m_EndAtMaxStress,True,
m_PlayerActors,peasant_militia_melee_b,
m_EnemyActors,mmd_story_plate_2,
m_CompleteStoryLootTables,hero_story_rewards_all,
m_ResultActors,peasant_militia_melee_b,
m_IsStallInvalidating,True,
m_IsRollBattleModifier,False,
m_TokenViewValid,False,
element_end

element_start,herostory_MMD_03,StoryChoice
m_AnyTags,Hero,
m_DrawTags,herostory,
m_Chance,1,
m_AlignmentId,
m_ProgressGroupId,base_story,
all_conditions,performer_is_mmd,herostory_MMD_02,
m_ResultType,COMBAT,
m_ResultBattleConfigurationId,mmd_chapter_3,
element_end
element_start,herostory_MMD_03,Unlock
element_end
element_start,herostory_MMD_03,Condition
m_ConditionType,profile_unlock,
m_ConditionString,herostory_MMD_03,
m_ConditionNumberType,BOOL,
element_end
element_start,mmd_chapter_3,BattleConfiguration
m_Chance,1,
m_BackgroundSceneOverride,combat_arena_hero_story_highwayman_origin_2,
m_TorchOverride,no_torch,
m_RunDataStatsId,no_retreat,
m_EndAtMaxStress,True,
m_PlayerActors,peasant_militia_melee_b,
m_EnemyActors,mmd_story_plate_3,
m_CompleteStoryLootTables,hero_story_rewards_all,
m_ResultActors,peasant_militia_melee_b,
m_IsStallInvalidating,True,
m_IsRollBattleModifier,False,
m_TokenViewValid,False,
element_end

element_start,herostory_MMD_04,StoryChoice
m_AnyTags,Hero,
m_DrawTags,herostory,
m_Chance,1,
m_AlignmentId,
m_ProgressGroupId,base_story,
all_conditions,performer_is_mmd,herostory_MMD_03,
m_ResultType,COMBAT,
m_ResultBattleConfigurationId,mmd_chapter_4,
element_end
element_start,herostory_MMD_04,Unlock
element_end
element_start,herostory_MMD_04,Condition
m_ConditionType,profile_unlock,
m_ConditionString,herostory_MMD_04,
m_ConditionNumberType,BOOL,
element_end
element_start,mmd_chapter_4,BattleConfiguration
m_Chance,1,
m_BackgroundSceneOverride,combat_arena_hero_story_highwayman_origin_2,
m_TorchOverride,no_torch,
m_RunDataStatsId,no_retreat,
m_EndAtMaxStress,True,
m_PlayerActors,peasant_militia_melee_b,
m_EnemyActors,mmd_story_plate_4,
m_CompleteStoryLootTables,hero_story_rewards_all,
m_ResultActors,peasant_militia_melee_b,
m_IsStallInvalidating,True,
m_IsRollBattleModifier,False,
m_TokenViewValid,False,
element_end

element_start,herostory_MMD_05,StoryChoice
m_AnyTags,Hero,
m_DrawTags,herostory,
m_Chance,1,
m_AlignmentId,
m_ProgressGroupId,base_story,
all_conditions,performer_is_mmd,herostory_MMD_04,
m_ResultType,COMBAT,
m_ResultBattleConfigurationId,mmd_chapter_5,
element_end
element_start,herostory_MMD_05,Unlock
element_end
element_start,herostory_MMD_05,Condition
m_ConditionType,profile_unlock,
m_ConditionString,herostory_MMD_05,
m_ConditionNumberType,BOOL,
element_end
element_start,mmd_chapter_5,BattleConfiguration
m_Chance,1,
m_BackgroundSceneOverride,combat_arena_hero_story_highwayman_origin_2,
m_TorchOverride,no_torch,
m_RunDataStatsId,no_retreat,
m_EndAtMaxStress,True,
m_PlayerActors,peasant_militia_melee_b,
m_EnemyActors,mmd_story_plate_5,
m_CompleteStoryLootTables,hero_story_rewards_all,
m_ResultActors,peasant_militia_melee_b,
m_IsStallInvalidating,True,
m_IsRollBattleModifier,False,
m_TokenViewValid,False,
element_end

element_start,mmd_story_plate_1,ActorDataClass
m_Tags,monster,
m_IsBattleComplete,False,
m_Size,1,
m_IsTickTriggerValid,True,
m_TokenViewValid,False,
m_IsEffectsReasonValid,False,
element_end
element_start,mmd_story_plate_1,ActorDataStats
key_map,health_max,speed,speed_number_of_turns,
add_stats,1,1,0,
element_end

element_start,mmd_story_plate_2,ActorDataClass
m_Tags,monster,
m_IsBattleComplete,False,
m_Size,1,
m_IsTickTriggerValid,True,
m_TokenViewValid,False,
m_IsEffectsReasonValid,False,
element_end
element_start,mmd_story_plate_2,ActorDataStats
key_map,health_max,speed,speed_number_of_turns,
add_stats,1,1,1,
element_end
element_start,mmd_story_plate_2,ActorDataEffects
actor_effect_triggers,mmd_story_plate_2_death_aet,
element_end
element_start,mmd_story_plate_2_death_aet,ActorEffectTrigger
m_ActorEffectType,death,
m_ActorEffectTriggerSourceType,target,
m_ActorEffectTriggerTargetType,friendly_team,
m_IncludeSourceActor,True,
m_ActorCount,4,
effects,mmd_story_plate_2_death_aet_effect,mmd_story_plate_2_death_aet_effect,mmd_story_plate_2_death_aet_effect,
element_end
element_start,mmd_story_plate_2_death_aet_effect,Effect
m_Chance,1,
m_SummonClassActorId,mmd_corpse_story,
m_SummonLocationType,BACK,
m_SummonIfRoom,True,
element_end


element_start,mmd_story_plate_3,ActorDataClass
m_Tags,monster,
m_IsBattleComplete,False,
m_Size,1,
m_IsTickTriggerValid,True,
m_TokenViewValid,False,
m_IsEffectsReasonValid,False,
element_end
element_start,mmd_story_plate_3,ActorDataStats
key_map,health_max,speed,speed_number_of_turns,
add_stats,1,1,0,
element_end

element_start,mmd_story_plate_4,ActorDataClass
m_Tags,monster,
m_IsBattleComplete,False,
m_Size,1,
m_IsTickTriggerValid,True,
m_TokenViewValid,False,
m_IsEffectsReasonValid,False,
element_end
element_start,mmd_story_plate_4,ActorDataStats
key_map,health_max,speed,speed_number_of_turns,
add_stats,1,1,0,
element_end

element_start,mmd_story_plate_5,ActorDataClass
m_Tags,monster,
m_IsBattleComplete,False,
m_Size,1,
m_IsTickTriggerValid,True,
m_TokenViewValid,False,
m_IsEffectsReasonValid,False,
element_end
element_start,mmd_story_plate_5,ActorDataStats
key_map,health_max,speed,speed_number_of_turns,
add_stats,1,1,0,
element_end

element_start,mmd_corpse_story,ActorDataClass
m_Tags,monster,
m_IsBattleComplete,False,
m_Size,1,
m_IsTickTriggerValid,True,
m_TokenViewValid,False,
m_IsEffectsReasonValid,False,
element_end
element_start,mmd_corpse_story,ActorDataStats
key_map,health_max,speed,speed_number_of_turns,
add_stats,18,5,0,
sub_stat,resistance,stun,0.2,
sub_stat,resistance,blight,0.4,
sub_stat,resistance,bleed,0.2,
sub_stat,resistance,burn,0.1,
sub_stat,resistance,disease,0.4,
sub_stat,resistance,move,0.3,
sub_stat,resistance,debuff,0.1,
element_end
element_start,mmd_corpse_story,ActorDataEffects
round_start_effects,mmd_corpse_story_turn_start_effect_1,
element_end
element_start,mmd_corpse_story_turn_start_effect_1,Effect
m_Chance,0.8,
m_TokenAddId,riposte,
m_TokenAddAmount,1,
m_ShowValue,False,
element_end
element_start,mmd_corpse_story_attack,ActorDataSkill
m_IsFriendly,False,
launch_ranks,1,2,3,4,
target_ranks,1,2,3,4,
m_IsMultiHit,False,
m_CanBeRiposted,True,
m_AverageRankIgnored,False,
m_ValidActOutTypes,skill_before,skill_after,skill_additional,
m_Tags,melee,
m_IsStallInvalidating,True,
element_end
element_start,mmd_corpse_story_attack,ActorDataStats
key_map,health_damage,health_damage_range,crit_chance,
add_stats,1,1,0.05,
element_end
element_start,mmd_corpse_story_riposte,ActorDataSkill
m_IsFriendly,False,
launch_ranks,1,2,3,4,
target_ranks,1,2,3,4,
m_IsMultiHit,False,
m_AverageRankIgnored,True,
m_ValidActOutTypes,skill_before,skill_after,skill_additional,
token_ignores,til_standard_riposte,
m_Tags,melee,riposte,mmd_corpse_riposte,
m_IsRiposteDamaging,True,
m_IsStallInvalidating,True,
element_end
element_start,mmd_corpse_story_riposte,ActorDataStats
key_map,health_damage,health_damage_range,crit_chance,
add_stats,4,2,0.00,
element_end






























// act 5 ghost from the past
element_start,boss_body_failure_mmd,ActorDataClass
m_Tags,monster,cosmic,god_failure,boss,
m_Size,1,
m_IsTickTriggerValid,True,
m_IsStressTriggerValid,True,
m_DeathChainIds,boss_body_phase3,
m_DeathChainLootIds,none,
m_IsStallCounted,True,
m_ClearContainerTypes,BuffContainer,TokenContainer,DotContainer,
element_end
element_start,boss_body_failure_mmd,ActorDataStats
key_map,health_max,speed,speed_number_of_turns,
add_stats,30,4,2,
sub_stat,resistance,stun,0.3,
sub_stat,resistance,blight,0.2,
sub_stat,resistance,bleed,0.2,
sub_stat,resistance,burn,0.2,
sub_stat,resistance,disease,0.2,
sub_stat,resistance,move,0.1,
sub_stat,resistance,debuff,0.2,
sub_stat,resistance,death,0,
element_end
element_start,boss_body_failure_mmd,ActorDataEffects
spawn_effects,infernal_flame_deathblow_res_buff_e,
turn_skip_effects,stun_temp_resist_buff_e,
actor_effect_triggers,failure_death_end_round_action_aet,failure_mmd_exception_action_aet,
element_end
element_start,boss_body_failure_mmd,ActorDataExternalBuffs
buffs,failure_mmd_slain_ult_manager,
element_end
element_start,failure_mmd_attack,ActorDataSkill
m_IsFriendly,False,
launch_ranks,1,4,
target_ranks,1,2,3,4,
m_IsMultiHit,False,
m_AllConditionIds,target_is_mmd,
m_CanBeRiposted,True,
m_AverageRankIgnored,False,
m_ValidActOutTypes,skill_before,skill_after,skill_additional,
token_ignores,til_ignore_stealth,
m_Tags,failure_mmd_attack,
m_IsStallInvalidating,False,
element_end
element_start,failure_mmd_attack,ActorDataStats
key_map,health_damage,health_damage_range,crit_chance,
add_stats,6,1,0.05,
element_end
element_start,failure_mmd_attack,ActorDataEffects
target_effects,stress_damage_1,
performer_effects,failure_stacking_dmg_buff_e,failure_stacking_crit_buff_e,
element_end
element_start,failure_mmd_exception_action_aet,ActorEffectTrigger
m_ActorEffectType,enemy_death,
m_ActorEffectTriggerSourceType,performer,
m_ActorEffectTriggerTargetType,enemy_team,
m_IncludeSourceActor,False,
m_ActorCount,4,
effects,failure_mmd_exception_action,
element_end
element_start,failure_mmd_exception_action,Effect
m_Chance,1,
m_AddTurn,1,
m_IsAddTurnEndRound,True,
m_IsAddTurnValidOnExtraTurn,True,
all_conditions,target_is_god,performer_is_mmd,
element_end
element_start,failure_mmd_slain_ult_manager,Buff
m_DurationType,infinite,
element_end
element_start,failure_mmd_slain_ult_manager,ActorDataEffects
enemy_death_team_effects,extra_action_if_target_is_mmd,add_1_failure_ult_mmd,remove_all_failure_facing,remove_mmd_failure_incomplete,remove_mmd_god_denial_tokens,remove_mmd_god_denial_manager,hero_failure_kill_bark_mmd,
element_end
element_start,extra_action_if_target_is_mmd,Effect
m_Chance,1,
m_AddTurn,1,
m_IsAddTurnValidOnExtraTurn,True,
all_conditions,target_is_mmd,
element_end
element_start,add_1_failure_ult_mmd,Effect
m_Chance,1,
m_TokenAddId,failure_ult_mmd,
m_TokenAddAmount,1,
m_ShowValue,False,
all_conditions,target_is_mmd,
element_end
element_start,remove_mmd_failure_incomplete,Effect
m_Chance,1,
m_TokenRemoveId,failure_incomplete,
m_TokenRemoveAmount,1,
m_ShowValue,False,
all_conditions,target_is_mmd,
element_end
element_start,remove_mmd_god_denial_tokens,Effect
m_Chance,1,
m_TokenRemoveTag,god_denial,
m_TokenRemoveAmount,99,
all_conditions,target_is_mmd,
element_end
element_start,remove_mmd_god_denial_manager,Effect
m_Chance,1,
m_BuffRemoveAllTags,god_denial,
all_conditions,target_is_mmd,
element_end
element_start,hero_failure_kill_bark_mmd,Effect
m_Chance,1,
m_BarkId,hero_failure_kill,
all_conditions,target_is_mmd,
m_IsVisible,False,
element_end

element_start,failure_ult_mmd,Token
m_Chance,1,
m_ConsumeTypes,manual,
m_Tags,token,top,failure_ult,
m_Limit,1,
m_IsHidden,True,
replace,pyro_bomb,WITH,failure_ult_mmd,
replace,medic_salve,WITH,failure_ult_mmd,
element_end
element_start,failure_ult_mmd,ActorDataSkill
m_IsFriendly,False,
launch_ranks,1,2,3,4,
target_ranks,1,2,3,4,
m_IsForced,True,
m_IsBlockPass,True,
m_AllConditionIds,performer_has_failure_ultimate,target_is_god,
m_CanBeRiposted,False,
m_IsMultiHit,False,
token_ignores,til_failure_ultimate,
m_ActorDataEffectsId,failure_ult_skill_effects,
performer_buffs,exultation_loathing_dmg_buff,
m_IgnoreDamageMultipliers,True,
element_end
element_start,failure_ult_mmd,ActorDataStats
key_map,health_damage,health_damage_range,crit_chance,
add_stats,200,0,0,
element_end

element_start,god_face_your_failure,ActorDataEffects
actor_effect_triggers,god_summon_failure_mmd_aet,
element_end
element_start,god_summon_failure_mmd_aet,ActorEffectTrigger
m_ActorEffectType,target,
m_ActorEffectTriggerSourceType,target,
m_ActorEffectTriggerTargetType,enemy_team,
m_IncludeSourceActor,True,
m_ActorCount,4,
effects,god_summon_failure_mmd,
element_end
element_start,god_summon_failure_mmd,Effect
m_Chance,1,
m_ChangeClassActorId,boss_body_failure_mmd,
m_AddTurn,0,
all_conditions,target_is_in_rank_1,performer_is_mmd,hero_party_has_mmd,
element_end































// Wanderer Path, Run Goals

element_start,mmd_reserve,ActorDataPath
m_ActorClassIds,mmd,
m_ViewedByDefault,True,
element_end
element_start,mmd_reserve,DataExternalBuffs
buffs,path_descriptor_mmd_wanderer,
element_end

element_start,mmd_wanderer,ActorDataPath
m_ActorClassIds,mmd,
m_ViewedByDefault,True,
element_end
element_start,mmd_wanderer,DataExternalBuffs
buffs,path_descriptor_mmd_wanderer,
element_end
element_start,path_descriptor_mmd_wanderer,Buff
m_DurationType,infinite,
m_ConditionId,always_return_false_hidden,
element_end
element_start,path_descriptor_mmd_wanderer,ActorDataStats
key_map,crit_chance,
add_stats,0,
element_end
element_start,mmd_wanderer,ActorDataRunGoals
run_goals,mmd_visit_two_inn,
element_end
element_start,mmd_visit_two_inn,RunGoal
all_conditions,performer_visit_inn_2,
m_Score,2,
element_end


element_start,h_kill_cosmic_mmd,RunGoal
m_Chance,1,
m_RunGoalCategoryId,hard,
m_CompletionLimit,-1,
all_conditions,performer_kill_cosmic_8,
m_ActorClassIds,mmd,
generation_all_conditions,profile_has_100pct_base_altar,
m_LootTableId,mmd_penicillin,
m_GoalIconOverride,rest,
element_end
element_start,h_kill_lair_boss_city_mmd,RunGoal
m_Chance,1,
m_RunGoalCategoryId,hard,
m_CompletionLimit,-1,
any_conditions,performer_kill_lair_boss_city_1,performer_kill_lair_boss_city_1_ignite,
m_ActorClassIds,mmd,
generation_all_conditions,profile_has_100pct_base_altar,
m_LootTableId,TRINKETS_HERO_MMD_UNCONDITIONAL,
m_GoalIconOverride,trinket,
element_end
element_start,h_kill_lair_boss_coast_mmd,RunGoal
m_Chance,1,
m_RunGoalCategoryId,hard,
m_CompletionLimit,-1,
all_conditions,performer_kill_lair_boss_coast_1,
m_ActorClassIds,mmd,
generation_all_conditions,profile_has_100pct_base_altar,run_boss_is_not_brain,
m_LootTableId,TRINKETS_HERO_MMD_UNCONDITIONAL,
m_GoalIconOverride,trinket,
element_end
element_start,h_kill_lair_boss_farm_mmd,RunGoal
m_Chance,1,
m_RunGoalCategoryId,hard,
m_CompletionLimit,-1,
all_conditions,performer_kill_lair_boss_farm_1,
m_ActorClassIds,mmd,
generation_all_conditions,profile_has_100pct_base_altar,run_boss_is_not_brain,
m_LootTableId,TRINKETS_HERO_MMD_UNCONDITIONAL,
m_GoalIconOverride,trinket,
element_end
element_start,h_kill_lair_boss_forest_mmd,RunGoal
m_Chance,1,
m_RunGoalCategoryId,hard,
m_CompletionLimit,-1,
all_conditions,performer_kill_lair_boss_forest_1,
m_ActorClassIds,mmd,
generation_all_conditions,profile_has_100pct_base_altar,
m_LootTableId,TRINKETS_HERO_MMD_UNCONDITIONAL,
m_GoalIconOverride,trinket,
element_end























// Path 1

element_start,mmd_forager,ActorDataPath
m_ActorClassIds,mmd,
m_UnlockId,mmd_3,
m_OrderPriority,1,
element_end
element_start,mmd_forager,DataExternalBuffs
buffs,path_descriptor_mmd_forager,
element_end
element_start,path_descriptor_mmd_forager,Buff
m_DurationType,infinite,
m_ConditionId,always_return_false_hidden,
element_end
element_start,mmd_forager,ActorDataEffects
combat_start_apply_limit_effects,mmd_forager_combat_start_effect_2,mmd_forager_combat_start_effect_1,
combat_start_apply_limit,1,
element_end
element_start,mmd_forager_combat_start_effect_1,Effect
m_Chance,1,
m_LootIds,mmd_forager_loot,
element_end
element_start,mmd_forager_combat_start_effect_2,Effect
m_Chance,1,
m_LootIds,mmd_forager_loot_baubles,
element_end
element_start,mmd_forager_loot,LootTable
m_chances,1,1,1,1,
m_qtys,1,1,1,1,
m_ids,pipeweed,speed_bag,wild_tea,restorative_herbs,
m_types,item,item,item,item,
element_end
element_start,mmd_forager_loot,LootTable
m_chances,1,1,1,1,1,
m_qtys,1,1,1,1,1,
m_ids,clarifying_poultice,clotting_poultice,impermeable_poultice,soothing_poultice,stimulating_poultice,
m_types,item,item,item,item,item,
element_end
element_start,mmd_forager_loot_baubles,LootTable
m_chances,1,
m_qtys,1,
m_ids,BAUBLES_LITTLE,
m_types,sub_table,
element_end
element_start,mmd_forager,ActorDataSkillReplacement
skill_replacements,mmd_forager_heavy_cage_replacement,mmd_forager_heavy_cage_u_replacement,mmd_forager_hyphae_rock_replacement,mmd_forager_hyphae_rock_u_replacement,mmd_forager_disturbing_spores_replacement,mmd_forager_disturbing_spores_u_replacement,mmd_forager_healing_spores_replacement,mmd_forager_healing_spores_u_replacement,mmd_forager_concealing_mist_replacement,mmd_forager_concealing_mist_u_replacement,mmd_forager_internal_fruiting_replacement,mmd_forager_internal_fruiting_u_replacement,mmd_forager_lycoperdonosis_replacement,mmd_forager_lycoperdonosis_u_replacement,
element_end


element_start,mmd_forager_heavy_cage_replacement,SkillReplacement
m_FromActorDataSkillId,mmd_heavy_cage,
m_ToActorDataSkillId,mmd_heavy_cage_p1,
element_end
element_start,mmd_heavy_cage_p1,ActorDataSkill
m_IsFriendly,False,
launch_ranks,1,2,
target_ranks,1,2,
m_IsMultiHit,False,
m_CanBeRiposted,True,
m_AverageRankIgnored,False,
m_ValidActOutTypes,skill_before,skill_after,skill_additional,
m_Tags,melee,mmd_heavy_cage,
m_ConditionIdOverride,mmd_heavy_cage,
m_SkillHistoryIdOverride,mmd_heavy_cage,
m_IsStallInvalidating,True,
element_end
element_start,mmd_heavy_cage_p1,ActorDataStats
key_map,health_damage,health_damage_range,crit_chance,
add_stats,3,2,0.05,
element_end
element_start,mmd_heavy_cage_p1,ActorDataEffects
target_effects,mmd_heavy_cage_token_effect,mmd_no_spores_on_killing_blow_fake_effect,
element_end

element_start,mmd_forager_heavy_cage_u_replacement,SkillReplacement
m_FromActorDataSkillId,mmd_heavy_cage_u,
m_ToActorDataSkillId,mmd_heavy_cage_p1_u,
element_end
element_start,mmd_heavy_cage_p1_u,ActorDataSkill
m_IsFriendly,False,
launch_ranks,1,2,
target_ranks,1,2,
m_IsMultiHit,False,
m_CanBeRiposted,True,
m_AverageRankIgnored,False,
m_ValidActOutTypes,skill_before,skill_after,skill_additional,
m_Tags,melee,mmd_heavy_cage,
m_ConditionIdOverride,mmd_heavy_cage,
m_SkillHistoryIdOverride,mmd_heavy_cage,
m_IsStallInvalidating,True,
m_SkillModifierChanceModifiers,curse,3,
element_end
element_start,mmd_heavy_cage_p1_u,ActorDataStats
key_map,health_damage,health_damage_range,crit_chance,
add_stats,4,3,0.10,
element_end
element_start,mmd_heavy_cage_p1_u,ActorDataEffects
target_effects,mmd_heavy_cage_u_token_effect,mmd_no_spores_on_killing_blow_fake_effect,
element_end
element_start,mmd_heavy_cage_p1_u,Unlock
m_RequirementIds,mmd_heavy_cage_p1,
m_CostId,hero_skill_upgrade,
element_end


element_start,mmd_forager_hyphae_rock_replacement,SkillReplacement
m_FromActorDataSkillId,mmd_hyphae_rock,
m_ToActorDataSkillId,mmd_hyphae_rock_p1,
element_end
element_start,mmd_hyphae_rock_p1,ActorDataSkill
m_IsFriendly,False,
launch_ranks,2,3,
target_ranks,2,3,4,
m_IsMultiHit,False,
m_CanBeRiposted,True,
m_AverageRankIgnored,False,
m_ValidActOutTypes,skill_before,skill_after,skill_additional,
m_Tags,ranged,mmd_hyphae_rock,
m_ConditionIdOverride,mmd_hyphae_rock,
m_SkillHistoryIdOverride,mmd_hyphae_rock,
m_IsStallInvalidating,True,
element_end
element_start,mmd_hyphae_rock_p1,ActorDataStats
key_map,health_damage,health_damage_range,crit_chance,
add_stats,3,2,0.05,
element_end
element_start,mmd_hyphae_rock_p1,ActorDataEffects
target_effects,mmd_hyphae_rock_token_effect,mmd_no_spores_on_killing_blow_fake_effect,
element_end

element_start,mmd_forager_hyphae_rock_u_replacement,SkillReplacement
m_FromActorDataSkillId,mmd_hyphae_rock_u,
m_ToActorDataSkillId,mmd_hyphae_rock_p1_u,
element_end
element_start,mmd_hyphae_rock_p1_u,ActorDataSkill
m_IsFriendly,False,
launch_ranks,2,3,
target_ranks,2,3,4,
m_IsMultiHit,False,
m_CanBeRiposted,True,
m_AverageRankIgnored,False,
m_ValidActOutTypes,skill_before,skill_after,skill_additional,
m_Tags,ranged,mmd_hyphae_rock,
m_ConditionIdOverride,mmd_hyphae_rock,
m_SkillHistoryIdOverride,mmd_hyphae_rock,
m_IsStallInvalidating,True,
m_SkillModifierChanceModifiers,curse,3,
element_end
element_start,mmd_hyphae_rock_p1_u,ActorDataStats
key_map,health_damage,health_damage_range,crit_chance,
add_stats,4,3,0.10,
element_end
element_start,mmd_hyphae_rock_p1_u,ActorDataEffects
target_effects,mmd_hyphae_rock_u_token_effect,mmd_no_spores_on_killing_blow_fake_effect,
element_end
element_start,mmd_hyphae_rock_p1_u,Unlock
m_RequirementIds,mmd_hyphae_rock_p1,
m_CostId,hero_skill_upgrade,
element_end


element_start,mmd_forager_disturbing_spores_replacement,SkillReplacement
m_FromActorDataSkillId,mmd_disturbing_spores,
m_ToActorDataSkillId,mmd_disturbing_spores_p1,
element_end
element_start,mmd_disturbing_spores_p1,ActorDataSkill
m_IsFriendly,False,
launch_ranks,1,2,
target_ranks,1,
m_IsMultiHit,False,
m_CanBeRiposted,True,
m_AverageRankIgnored,False,
m_ValidActOutTypes,skill_before,skill_after,skill_additional,
m_Tags,melee,mmd_disturbing_spores,
m_ConditionIdOverride,mmd_disturbing_spores,
m_SkillHistoryIdOverride,mmd_disturbing_spores,
m_IsStallInvalidating,True,
m_DeathClassTagIgnores,corpse,
m_Cooldown,3,
element_end
element_start,mmd_disturbing_spores_p1,ActorDataStats
key_map,health_damage,health_damage_range,crit_chance,
add_stats,4,2,0.05,
element_end
element_start,mmd_disturbing_spores_p1,ActorDataEffects
enemy_team_effects,clear_corpse_hidden,
friendly_team_effects,clear_corpse_hidden,
performer_effects,mmd_disturbing_spores_add_meta_token,
element_end

element_start,mmd_forager_disturbing_spores_u_replacement,SkillReplacement
m_FromActorDataSkillId,mmd_disturbing_spores_u,
m_ToActorDataSkillId,mmd_disturbing_spores_p1_u,
element_end
element_start,mmd_disturbing_spores_p1_u,ActorDataSkill
m_IsFriendly,False,
launch_ranks,1,2,
target_ranks,1,
m_IsMultiHit,False,
m_CanBeRiposted,True,
m_AverageRankIgnored,False,
m_ValidActOutTypes,skill_before,skill_after,skill_additional,
m_Tags,melee,mmd_disturbing_spores,
m_ConditionIdOverride,mmd_disturbing_spores,
m_SkillHistoryIdOverride,mmd_disturbing_spores,
m_IsStallInvalidating,True,
m_SkillModifierChanceModifiers,curse,3,
m_DeathClassTagIgnores,corpse,
m_Cooldown,2,
element_end
element_start,mmd_disturbing_spores_p1_u,ActorDataStats
key_map,health_damage,health_damage_range,crit_chance,
add_stats,5,3,0.10,
element_end
element_start,mmd_disturbing_spores_p1_u,ActorDataEffects
enemy_team_effects,clear_corpse_hidden,
friendly_team_effects,clear_corpse_hidden,
performer_effects,mmd_disturbing_spores_u_add_meta_token,
element_end
element_start,mmd_disturbing_spores_p1_u,Unlock
m_RequirementIds,mmd_disturbing_spores_p1,
m_CostId,hero_skill_upgrade,
element_end


element_start,mmd_forager_healing_spores_replacement,SkillReplacement
m_FromActorDataSkillId,mmd_healing_spores,
m_ToActorDataSkillId,mmd_healing_spores_p1,
element_end
element_start,mmd_healing_spores_p1,ActorDataSkill
m_IsFriendly,True,
m_IsFriendlySelfTargetValid,True,
launch_ranks,1,2,3,4,
target_ranks,1,2,3,4,
m_IsMultiHit,False,
m_Cooldown,2,
m_AverageRankIgnored,True,
m_ValidActOutTypes,skill_before,skill_after,skill_additional,
m_Tags,mmd_healing_spores,
m_ConditionIdOverride,mmd_healing_spores,
m_SkillHistoryIdOverride,mmd_healing_spores,
m_IsStallInvalidating,False,
element_end
element_start,mmd_healing_spores_p1,ActorDataEffects
target_effects,mmd_healing_spores_token_effect,remove_all_bleed,remove_all_blight,
element_end

element_start,mmd_forager_healing_spores_u_replacement,SkillReplacement
m_FromActorDataSkillId,mmd_healing_spores_u,
m_ToActorDataSkillId,mmd_healing_spores_p1_u,
element_end
element_start,mmd_healing_spores_p1_u,ActorDataSkill
m_IsFriendly,True,
m_IsFriendlySelfTargetValid,True,
launch_ranks,1,2,3,4,
target_ranks,1,2,3,4,
m_IsMultiHit,False,
m_Cooldown,2,
m_AverageRankIgnored,True,
m_ValidActOutTypes,skill_before,skill_after,skill_additional,
m_Tags,mmd_healing_spores,
m_ConditionIdOverride,mmd_healing_spores,
m_SkillHistoryIdOverride,mmd_healing_spores,
m_IsStallInvalidating,False,
m_SkillModifierChanceModifiers,curse,3,
element_end
element_start,mmd_healing_spores_p1_u,ActorDataEffects
target_effects,mmd_healing_spores_u_token_effect,remove_all_bleed,remove_all_blight,
element_end
element_start,mmd_healing_spores_p1_u,Unlock
m_RequirementIds,mmd_healing_spores_p1,
m_CostId,hero_skill_upgrade,
element_end


element_start,mmd_forager_concealing_mist_replacement,SkillReplacement
m_FromActorDataSkillId,mmd_concealing_mist,
m_ToActorDataSkillId,mmd_concealing_mist_p1,
element_end
element_start,mmd_concealing_mist_p1,ActorDataSkill
m_IsFriendly,True,
m_IsFriendlySelfTargetValid,True,
launch_ranks,1,2,3,
target_ranks,1,2,3,4,
m_IsMultiHit,True,
m_Cooldown,2,
m_AverageRankIgnored,False,
m_ValidActOutTypes,skill_before,skill_after,skill_additional,
m_Tags,mmd_concealing_mist,
m_ConditionIdOverride,mmd_concealing_mist,
m_SkillHistoryIdOverride,mmd_concealing_mist,
m_IsStallInvalidating,False,
m_AllConditionIds,target_is_not_corpse_hidden,
element_end
element_start,mmd_concealing_mist_p1,ActorDataEffects
target_effects,remove_all_combo_visible,mmd_concealing_mist_crit_buff_effect,
element_end

element_start,mmd_forager_concealing_mist_u_replacement,SkillReplacement
m_FromActorDataSkillId,mmd_concealing_mist_u,
m_ToActorDataSkillId,mmd_concealing_mist_p1_u,
element_end
element_start,mmd_concealing_mist_p1_u,ActorDataSkill
m_IsFriendly,True,
m_IsFriendlySelfTargetValid,True,
launch_ranks,1,2,3,
target_ranks,1,2,3,4,
m_IsMultiHit,True,
m_Cooldown,2,
m_AverageRankIgnored,False,
m_ValidActOutTypes,skill_before,skill_after,skill_additional,
m_Tags,mmd_concealing_mist,
m_ConditionIdOverride,mmd_concealing_mist,
m_SkillHistoryIdOverride,mmd_concealing_mist,
m_IsStallInvalidating,False,
m_SkillModifierChanceModifiers,curse,3,
m_AllConditionIds,target_is_not_corpse_hidden,
element_end
element_start,mmd_concealing_mist_p1_u,ActorDataEffects
target_effects,remove_all_combo_visible,mmd_concealing_mist_u_remove_all_marked_for_death,mmd_concealing_mist_u_crit_buff_effect,
element_end
element_start,mmd_concealing_mist_p1_u,Unlock
m_RequirementIds,mmd_concealing_mist_p1,
m_CostId,hero_skill_upgrade,
element_end

element_start,mmd_forager_internal_fruiting_replacement,SkillReplacement
m_FromActorDataSkillId,mmd_internal_fruiting,
m_ToActorDataSkillId,mmd_internal_fruiting_p1,
element_end
element_start,mmd_internal_fruiting_p1,ActorDataSkill
m_IsFriendly,False,
launch_ranks,1,2,3,
target_ranks,1,2,3,4,
m_IsMultiHit,True,
m_CanBeRiposted,False,
m_AverageRankIgnored,False,
m_ValidActOutTypes,skill_before,skill_after,skill_additional,
m_Tags,ranged,mmd_internal_fruiting,
m_ConditionIdOverride,mmd_internal_fruiting,
m_SkillHistoryIdOverride,mmd_internal_fruiting,
m_IsStallInvalidating,False,
token_ignores,til_ignore_dodge,
m_AllConditionIds,mmd_has_token_spores,
m_Cooldown,2,
element_end
element_start,mmd_internal_fruiting_p1,ActorDataStats
key_map,crit_chance,
add_stats,0.05,
element_end
element_start,mmd_internal_fruiting_p1,ActorDataEffects
target_effects,mmd_internal_fruiting_weak_effect,
element_end

element_start,mmd_forager_internal_fruiting_u_replacement,SkillReplacement
m_FromActorDataSkillId,mmd_internal_fruiting_u,
m_ToActorDataSkillId,mmd_internal_fruiting_p1_u,
element_end
element_start,mmd_internal_fruiting_p1_u,ActorDataSkill
m_IsFriendly,False,
launch_ranks,1,2,3,
target_ranks,1,2,3,4,
m_IsMultiHit,True,
m_CanBeRiposted,False,
m_AverageRankIgnored,False,
m_ValidActOutTypes,skill_before,skill_after,skill_additional,
m_Tags,ranged,mmd_internal_fruiting,
m_ConditionIdOverride,mmd_internal_fruiting,
m_SkillHistoryIdOverride,mmd_internal_fruiting,
m_IsStallInvalidating,False,
m_SkillModifierChanceModifiers,curse,3,
token_ignores,til_ignore_dodge,til_ignore_guard,
m_AllConditionIds,mmd_has_token_spores,
m_Cooldown,2,
element_end
element_start,mmd_internal_fruiting_p1_u,ActorDataStats
key_map,crit_chance,
add_stats,0.15,
element_end
element_start,mmd_internal_fruiting_p1_u,ActorDataEffects
target_effects,mmd_internal_fruiting_u_weak_effect,
element_end
element_start,mmd_internal_fruiting_p1_u,Unlock
m_RequirementIds,mmd_internal_fruiting_p1,
m_CostId,hero_skill_upgrade,
element_end


element_start,mmd_forager_lycoperdonosis_replacement,SkillReplacement
m_FromActorDataSkillId,mmd_lycoperdonosis,
m_ToActorDataSkillId,mmd_lycoperdonosis_p1,
element_end
element_start,mmd_lycoperdonosis_p1,ActorDataSkill
m_IsFriendly,False,
launch_ranks,1,2,
target_ranks,1,2,3,4,
m_IsMultiHit,False,
m_CanBeRiposted,True,
m_AverageRankIgnored,False,
m_ValidActOutTypes,skill_before,skill_after,skill_additional,
m_Tags,ranged,mmd_lycoperdonosis,
m_IsStallInvalidating,True,
m_AllConditionIds,mmd_has_token_spores,
m_Cooldown,2,
element_end
element_start,mmd_lycoperdonosis_p1,ActorDataStats
key_map,health_damage,health_damage_range,crit_chance,
add_stats,3,1,0.05,
element_end
element_start,mmd_lycoperdonosis_p1,ActorDataEffects
actor_effect_triggers,mmd_lycoperdonosis_spores_copy,
element_end

element_start,mmd_forager_lycoperdonosis_u_replacement,SkillReplacement
m_FromActorDataSkillId,mmd_lycoperdonosis_u,
m_ToActorDataSkillId,mmd_lycoperdonosis_p1_u,
element_end
element_start,mmd_lycoperdonosis_p1_u,ActorDataSkill
m_IsFriendly,False,
launch_ranks,1,2,
target_ranks,1,2,3,4,
m_IsMultiHit,False,
m_CanBeRiposted,True,
m_AverageRankIgnored,False,
m_ValidActOutTypes,skill_before,skill_after,skill_additional,
m_Tags,ranged,mmd_lycoperdonosis,
m_ConditionIdOverride,mmd_lycoperdonosis,
m_SkillHistoryIdOverride,mmd_lycoperdonosis,
m_IsStallInvalidating,True,
m_SkillModifierChanceModifiers,curse,3,
m_AllConditionIds,mmd_has_token_spores,
m_Cooldown,1,
element_end
element_start,mmd_lycoperdonosis_p1_u,ActorDataStats
key_map,health_damage,health_damage_range,crit_chance,
add_stats,4,2,0.10,
element_end
element_start,mmd_lycoperdonosis_p1_u,ActorDataEffects
actor_effect_triggers,mmd_lycoperdonosis_u_spores_copy,
element_end
element_start,mmd_lycoperdonosis_p1_u,Unlock
m_RequirementIds,mmd_lycoperdonosis_p1,
m_CostId,hero_skill_upgrade,
element_end




















// Path 2

element_start,mmd_mycologist,ActorDataPath
m_ActorClassIds,mmd,
m_UnlockId,mmd_6,
m_OrderPriority,2,
element_end
element_start,mmd_mycologist,DataExternalBuffs
buffs,path_descriptor_mmd_mycologist,
element_end
element_start,path_descriptor_mmd_mycologist,Buff
m_DurationType,infinite,
m_ConditionId,always_return_false_hidden,
element_end
element_start,mmd_mycologist,ActorDataSkillReplacement
skill_replacements,mmd_mycologist_assortment_replacement,mmd_mycologist_assortment_u_replacement,mmd_mycologist_healing_spores_replacement,mmd_mycologist_healing_spores_u_replacement,mmd_mycologist_concealing_mist_replacement,mmd_mycologist_concealing_mist_u_replacement,mmd_mycologist_slowdown_replacement,mmd_mycologist_slowdown_u_replacement,
element_end


element_start,mmd_mycologist_assortment_replacement,SkillReplacement
m_FromActorDataSkillId,mmd_assortment,
m_ToActorDataSkillId,mmd_assortment_p2,
element_end
element_start,mmd_assortment_p2,ActorDataSkill
m_IsFriendly,True,
m_IsFriendlySelfTargetValid,True,
launch_ranks,2,3,4,
target_ranks,1,2,3,4,
m_IsMultiHit,True,
m_AverageRankIgnored,False,
m_ValidActOutTypes,skill_before,skill_after,skill_additional,
m_Tags,mmd_assortment,
m_IsStallInvalidating,False,
m_AllConditionIds,target_is_not_corpse_hidden,
m_Cooldown,3,
element_end
element_start,mmd_assortment_p2,ActorDataEffects
target_effects,mmd_assortment_p2_dot_buff_effect,
element_end
element_start,mmd_assortment_p2_dot_buff_effect,Effect
m_Chance,1,
buffs,mmd_assortment_p2_dot_buff,
element_end
element_start,mmd_assortment_p2_dot_buff,Buff
m_DurationType,round_end,
m_DurationAmount,2,
m_Tags,buff,
element_end
element_start,mmd_assortment_p2_dot_buff,ActorDataStats
sub_stat,dot_effect_value_dealt_change,blight,1,
sub_stat,dot_effect_value_dealt_change,bleed,1,
sub_stat,dot_effect_value_dealt_change,burn,1,
element_end


element_start,mmd_mycologist_assortment_u_replacement,SkillReplacement
m_FromActorDataSkillId,mmd_assortment_u,
m_ToActorDataSkillId,mmd_assortment_p2_u,
element_end
element_start,mmd_assortment_p2_u,ActorDataSkill
m_IsFriendly,True,
m_IsFriendlySelfTargetValid,True,
launch_ranks,2,3,4,
target_ranks,1,2,3,4,
m_IsMultiHit,True,
m_AverageRankIgnored,False,
m_ValidActOutTypes,skill_before,skill_after,skill_additional,
m_Tags,mmd_assortment,
m_IsStallInvalidating,False,
m_SkillModifierChanceModifiers,curse,3,
m_AllConditionIds,target_is_not_corpse_hidden,
m_Cooldown,2,
element_end
element_start,mmd_assortment_p2_u,ActorDataEffects
target_effects,mmd_assortment_p2_dot_buff_effect,
element_end
element_start,mmd_assortment_p2_u,Unlock
m_RequirementIds,mmd_assortment_p2,
m_CostId,hero_skill_upgrade,
element_end


element_start,mmd_mycologist_healing_spores_replacement,SkillReplacement
m_FromActorDataSkillId,mmd_healing_spores,
m_ToActorDataSkillId,mmd_healing_spores_p2,
element_end
element_start,mmd_healing_spores_p2,ActorDataSkill
m_IsFriendly,True,
m_IsFriendlySelfTargetValid,True,
launch_ranks,2,3,4,
target_ranks,1,2,3,4,
m_IsMultiHit,False,
m_AverageRankIgnored,False,
m_ValidActOutTypes,skill_before,skill_after,skill_additional,
m_Tags,mmd_healing_spores,
m_IsStallInvalidating,False,
m_Cooldown,1,
element_end
element_start,mmd_healing_spores_p2,ActorDataEffects
target_effects,remove_all_blight,remove_all_bleed,remove_all_burn,remove_all_regen,
element_end

element_start,mmd_mycologist_healing_spores_u_replacement,SkillReplacement
m_FromActorDataSkillId,mmd_healing_spores_u,
m_ToActorDataSkillId,mmd_healing_spores_p2_u,
element_end
element_start,mmd_healing_spores_p2_u,ActorDataSkill
m_IsFriendly,True,
m_IsFriendlySelfTargetValid,True,
launch_ranks,2,3,4,
target_ranks,1,2,3,4,
m_IsMultiHit,False,
m_AverageRankIgnored,False,
m_ValidActOutTypes,skill_before,skill_after,skill_additional,
m_Tags,mmd_healing_spores,
m_IsStallInvalidating,False,
m_SkillModifierChanceModifiers,curse,3,
m_Cooldown,0,
element_end
element_start,mmd_healing_spores_p2_u,ActorDataEffects
target_effects,remove_all_blight,remove_all_bleed,remove_all_burn,remove_all_regen,
element_end
element_start,mmd_healing_spores_p2_u,Unlock
m_RequirementIds,mmd_healing_spores_p2,
m_CostId,hero_skill_upgrade,
element_end


element_start,mmd_mycologist_concealing_mist_replacement,SkillReplacement
m_FromActorDataSkillId,mmd_concealing_mist,
m_ToActorDataSkillId,mmd_concealing_mist_p2,
element_end
element_start,mmd_concealing_mist_p2,ActorDataSkill
m_IsFriendly,True,
m_IsFriendlySelfTargetValid,True,
launch_ranks,3,4,
target_ranks,1,2,3,4,
m_IsMultiHit,True,
m_Cooldown,2,
m_AverageRankIgnored,False,
m_ValidActOutTypes,skill_before,skill_after,skill_additional,
m_Tags,mmd_concealing_mist,
m_IsStallInvalidating,False,
m_AllConditionIds,target_is_not_corpse_hidden,
element_end
element_start,mmd_concealing_mist_p2,ActorDataEffects
target_effects,mmd_concealing_mist_p2_dmg_received_effect,
element_end
element_start,mmd_concealing_mist_p2_dmg_received_effect,Effect
m_Chance,1,
buffs,mmd_concealing_mist_p2_dmg_received_buff,
element_end
element_start,mmd_concealing_mist_p2_dmg_received_buff,Buff
m_DurationType,performer_turn_end,
m_DurationAmount,2,
element_end
element_start,mmd_concealing_mist_p2_dmg_received_buff,ActorDataStats
key_map,health_damage_received_percent,
add_stats,-0.15,
element_end

element_start,mmd_mycologist_concealing_mist_u_replacement,SkillReplacement
m_FromActorDataSkillId,mmd_concealing_mist_u,
m_ToActorDataSkillId,mmd_concealing_mist_p2_u,
element_end
element_start,mmd_concealing_mist_p2_u,ActorDataSkill
m_IsFriendly,True,
m_IsFriendlySelfTargetValid,True,
launch_ranks,3,4,
target_ranks,1,2,3,4,
m_IsMultiHit,True,
m_Cooldown,2,
m_AverageRankIgnored,False,
m_ValidActOutTypes,skill_before,skill_after,skill_additional,
m_Tags,mmd_concealing_mist,
m_IsStallInvalidating,False,
m_SkillModifierChanceModifiers,curse,3,
m_AllConditionIds,target_is_not_corpse_hidden,
element_end
element_start,mmd_concealing_mist_p2_u,ActorDataEffects
target_effects,mmd_concealing_mist_p2_u_dmg_received_effect,
element_end
element_start,mmd_concealing_mist_p2_u_dmg_received_effect,Effect
m_Chance,1,
buffs,mmd_concealing_mist_p2_u_dmg_received_buff,
element_end
element_start,mmd_concealing_mist_p2_u_dmg_received_buff,Buff
m_DurationType,performer_turn_end,
m_DurationAmount,2,
element_end
element_start,mmd_concealing_mist_p2_u_dmg_received_buff,ActorDataStats
key_map,health_damage_received_percent,
add_stats,-0.20,
element_end
element_start,mmd_concealing_mist_p2_u,Unlock
m_RequirementIds,mmd_concealing_mist_p2,
m_CostId,hero_skill_upgrade,
element_end


element_start,mmd_mycologist_slowdown_replacement,SkillReplacement
m_FromActorDataSkillId,mmd_slowdown,
m_ToActorDataSkillId,mmd_slowdown_p2,
element_end
element_start,mmd_slowdown_p2,ActorDataSkill
m_IsFriendly,True,
m_IsFriendlySelfTargetValid,True,
launch_ranks,2,3,4,
target_ranks,1,2,3,4,
m_IsMultiHit,False,
m_AverageRankIgnored,False,
m_ValidActOutTypes,skill_before,skill_after,skill_additional,
m_Tags,mmd_slowdown,
m_IsStallInvalidating,False,
m_Cooldown,5,
element_end
element_start,mmd_slowdown_p2,ActorDataEffects
target_effects,mmd_slowdown_p2_effects,
element_end
element_start,mmd_slowdown_p2_effects,Effect
m_Chance,1,
buffs,mmd_slowdown_p2_daze_debuff,mmd_slowdown_p2_deaths_door_buff,
element_end
element_start,mmd_slowdown_p2_daze_debuff,Buff
m_DurationType,round_end,
m_DurationAmount,3,
m_Tags,debuff,
element_end
element_start,mmd_slowdown_p2_daze_debuff,ActorDataEffects
round_start_effects,add_1_daze,
element_end
element_start,mmd_slowdown_p2_deaths_door_buff,Buff
m_DurationType,round_end,
m_DurationAmount,2,
m_Tags,buff,
element_end
element_start,mmd_slowdown_p2_deaths_door_buff,ActorDataEffects
deaths_door_enter_effects,heal_5pct,
element_end


element_start,mmd_mycologist_slowdown_u_replacement,SkillReplacement
m_FromActorDataSkillId,mmd_slowdown_u,
m_ToActorDataSkillId,mmd_slowdown_p2_u,
element_end
element_start,mmd_slowdown_p2_u,ActorDataSkill
m_IsFriendly,True,
m_IsFriendlySelfTargetValid,True,
launch_ranks,2,3,4,
target_ranks,1,2,3,4,
m_IsMultiHit,False,
m_AverageRankIgnored,False,
m_ValidActOutTypes,skill_before,skill_after,skill_additional,
m_Tags,mmd_slowdown,
m_IsStallInvalidating,False,
m_SkillModifierChanceModifiers,curse,3,
m_Cooldown,4,
element_end
element_start,mmd_slowdown_p2_u,ActorDataEffects
target_effects,mmd_slowdown_p2_u_effects,
element_end
element_start,mmd_slowdown_p2_u_effects,Effect
m_Chance,1,
buffs,mmd_slowdown_p2_u_daze_debuff,mmd_slowdown_p2_u_deaths_door_buff,
element_end
element_start,mmd_slowdown_p2_u_daze_debuff,Buff
m_DurationType,round_end,
m_DurationAmount,2,
m_Tags,debuff,
element_end
element_start,mmd_slowdown_p2_u_daze_debuff,ActorDataEffects
round_start_effects,add_1_daze,
element_end
element_start,mmd_slowdown_p2_u_deaths_door_buff,Buff
m_DurationType,round_end,
m_DurationAmount,2,
m_Tags,buff,
element_end
element_start,mmd_slowdown_p2_u_deaths_door_buff,ActorDataEffects
deaths_door_enter_effects,heal_5pct,
element_end
element_start,mmd_slowdown_p2_u,Unlock
m_RequirementIds,mmd_slowdown_p2,
m_CostId,hero_skill_upgrade,
element_end

















// Path 3

element_start,mmd_sporebound,ActorDataPath
m_ActorClassIds,mmd,
m_UnlockId,mmd_10,
m_OrderPriority,3,
m_Tags,mmd_sporebound_path_tag,
element_end
element_start,mmd_sporebound,DataExternalBuffs
buffs,path_descriptor_mmd_sporebound,
element_end
element_start,path_descriptor_mmd_sporebound,Buff
m_DurationType,infinite,
m_ConditionId,always_return_false_hidden,
element_end
element_start,mmd_sporebound,ActorDataEffects
actor_effect_triggers,mmd_sporebound_random_ally_vulnerability,
element_end
element_start,mmd_party_has_sporebound,Condition
m_ConditionType,path_tag_amount,
m_ConditionActorType,PARTY,
m_ConditionString,mmd_sporebound_path_tag,
m_ConditionNumber,1,
m_ConditionNumberType,GREATER_THAN_OR_EQUAL,
element_end
element_start,mmd_sporebound_random_ally_vulnerability,ActorEffectTrigger,
m_ActorEffectType,round_start,
m_ActorEffectTriggerSourceType,target,
m_ActorEffectTriggerTargetType,friendly_team,
m_IncludeSourceActor,True,
m_ActorCount,1,
effects,mmd_sporebound_random_ally_vulnerability_effect,
element_end
element_start,mmd_sporebound_random_ally_vulnerability_effect,Effect
m_Chance,1,
m_TokenAddId,vulnerable,
m_TokenAddAmount,1,
element_end
element_start,mmd_sporebound,ActorDataSkillReplacement
skill_replacements,mmd_sporebound_heavy_cage_replacement,mmd_sporebound_heavy_cage_u_replacement,mmd_sporebound_hyphae_rock_replacement,mmd_sporebound_hyphae_rock_u_replacement,mmd_sporebound_slowdown_replacement,mmd_sporebound_slowdown_u_replacement,mmd_sporebound_parasitic_forms_replacement,mmd_sporebound_parasitic_forms_u_replacement,mmd_sporebound_mycelium_mire_replacement,mmd_sporebound_mycelium_mire_u_replacement,
element_end


element_start,mmd_sporebound_heavy_cage_replacement,SkillReplacement
m_FromActorDataSkillId,mmd_heavy_cage,
m_ToActorDataSkillId,mmd_heavy_cage_p3,
element_end
element_start,mmd_heavy_cage_p3,ActorDataSkill
m_IsFriendly,False,
launch_ranks,1,2,3,4,
target_ranks,1,2,
m_IsMultiHit,False,
m_CanBeRiposted,True,
m_AverageRankIgnored,False,
m_ValidActOutTypes,skill_before,skill_after,skill_additional,
m_Tags,melee,mmd_heavy_cage,
m_ConditionIdOverride,mmd_heavy_cage,
m_SkillHistoryIdOverride,mmd_heavy_cage,
m_IsStallInvalidating,True,
element_end
element_start,mmd_heavy_cage_p3,ActorDataStats
key_map,health_damage,health_damage_range,crit_chance,
add_stats,2,2,0.10,
element_end
element_start,mmd_heavy_cage_p3,ActorDataEffects
target_effects,mmd_heavy_cage_p3_token_effect,mmd_no_spores_on_killing_blow_fake_effect,
element_end
element_start,mmd_heavy_cage_p3_token_effect,Effect
m_Chance,1,
m_TokenAddId,mmd_token_mire,
m_TokenAddAmount,1,
m_IsLockedTeamPosition,True,
element_end

element_start,mmd_sporebound_heavy_cage_u_replacement,SkillReplacement
m_FromActorDataSkillId,mmd_heavy_cage_u,
m_ToActorDataSkillId,mmd_heavy_cage_p3_u,
element_end
element_start,mmd_heavy_cage_p3_u,ActorDataSkill
m_IsFriendly,False,
launch_ranks,1,2,3,4,
target_ranks,1,2,
m_IsMultiHit,False,
m_CanBeRiposted,True,
m_AverageRankIgnored,False,
m_ValidActOutTypes,skill_before,skill_after,skill_additional,
m_Tags,melee,mmd_heavy_cage,
m_ConditionIdOverride,mmd_heavy_cage,
m_SkillHistoryIdOverride,mmd_heavy_cage,
m_IsStallInvalidating,True,
m_SkillModifierChanceModifiers,curse,3,
element_end
element_start,mmd_heavy_cage_p3_u,ActorDataStats
key_map,health_damage,health_damage_range,crit_chance,
add_stats,3,2,0.15,
element_end
element_start,mmd_heavy_cage_p3_u,ActorDataEffects
target_effects,mmd_heavy_cage_p3_u_token_effect,add_1_combo,mmd_no_spores_on_killing_blow_fake_effect,
element_end
element_start,mmd_heavy_cage_p3_u_token_effect,Effect
m_Chance,1,
m_TokenAddId,mmd_token_mire_u,
m_TokenAddAmount,1,
m_IsLockedTeamPosition,True,
element_end
element_start,mmd_heavy_cage_p3_u,Unlock
m_RequirementIds,mmd_heavy_cage_p3,
m_CostId,hero_skill_upgrade,
element_end


element_start,mmd_sporebound_hyphae_rock_replacement,SkillReplacement
m_FromActorDataSkillId,mmd_hyphae_rock,
m_ToActorDataSkillId,mmd_hyphae_rock_p3,
element_end
element_start,mmd_hyphae_rock_p3,ActorDataSkill
m_IsFriendly,False,
launch_ranks,2,3,4,
target_ranks,2,3,4,
m_IsMultiHit,False,
m_CanBeRiposted,True,
m_AverageRankIgnored,False,
m_ValidActOutTypes,skill_before,skill_after,skill_additional,
m_Tags,ranged,mmd_hyphae_rock,
m_ConditionIdOverride,mmd_hyphae_rock,
m_SkillHistoryIdOverride,mmd_hyphae_rock,
m_IsStallInvalidating,True,
element_end
element_start,mmd_hyphae_rock_p3,ActorDataStats
key_map,health_damage,health_damage_range,crit_chance,
add_stats,2,2,0.10,
element_end
element_start,mmd_hyphae_rock_p3,ActorDataEffects
target_effects,mmd_hyphae_rock_p3_token_effect,mmd_no_spores_on_killing_blow_fake_effect,
element_end
element_start,mmd_hyphae_rock_p3_token_effect,Effect
m_Chance,1,
m_TokenAddId,mmd_token_mire,
m_TokenAddAmount,1,
m_IsLockedTeamPosition,True,
element_end

element_start,mmd_sporebound_hyphae_rock_u_replacement,SkillReplacement
m_FromActorDataSkillId,mmd_hyphae_rock_u,
m_ToActorDataSkillId,mmd_hyphae_rock_p3_u,
element_end
element_start,mmd_hyphae_rock_p3_u,ActorDataSkill
m_IsFriendly,False,
launch_ranks,2,3,4,
target_ranks,2,3,4,
m_IsMultiHit,False,
m_CanBeRiposted,True,
m_AverageRankIgnored,False,
m_ValidActOutTypes,skill_before,skill_after,skill_additional,
m_Tags,ranged,mmd_hyphae_rock,
m_ConditionIdOverride,mmd_hyphae_rock,
m_SkillHistoryIdOverride,mmd_hyphae_rock,
m_IsStallInvalidating,True,
m_SkillModifierChanceModifiers,curse,3,
element_end
element_start,mmd_hyphae_rock_p3_u,ActorDataStats
key_map,health_damage,health_damage_range,crit_chance,
add_stats,3,2,0.15,
element_end
element_start,mmd_hyphae_rock_p3_u,ActorDataEffects
target_effects,mmd_hyphae_rock_p3_u_token_effect,add_1_combo,mmd_no_spores_on_killing_blow_fake_effect,
element_end
element_start,mmd_hyphae_rock_p3_u_token_effect,Effect
m_Chance,1,
m_TokenAddId,mmd_token_mire_u,
m_TokenAddAmount,1,
m_IsLockedTeamPosition,True,
element_end
element_start,mmd_hyphae_rock_p3_u,Unlock
m_RequirementIds,mmd_hyphae_rock_p3,
m_CostId,hero_skill_upgrade,
element_end


element_start,mmd_sporebound_slowdown_replacement,SkillReplacement
m_FromActorDataSkillId,mmd_slowdown,
m_ToActorDataSkillId,mmd_slowdown_p3,
element_end
element_start,mmd_slowdown_p3,ActorDataSkill
m_IsFriendly,True,
m_IsFriendlySelfTargetValid,True,
launch_ranks,2,3,4,
target_ranks,1,2,3,4,
m_IsMultiHit,False,
m_AverageRankIgnored,False,
m_ValidActOutTypes,skill_before,skill_after,skill_additional,
m_Tags,mmd_slowdown,
m_IsStallInvalidating,False,
m_Limit,5,
m_AllConditionIds,mmd_slowdown_p3_condition,
performer_buffs,mmd_slowdown_fake_ignore_resist,
m_IsFreeAction,True,
element_end
element_start,mmd_slowdown_p3,ActorDataEffects
target_effects,extra_action,mmd_slowdown_p3_stun,does_not_end_turn_tool_tip,
element_end
element_start,mmd_slowdown_p3_stun,Effect
m_Chance,1,
m_TokenAddId,stun,
m_TokenAddAmount,1,
m_ShowValue,False,
m_IgnoreResist,True,
element_end
element_start,mmd_slowdown_p3_condition,Condition
m_ConditionType,token_amount,
m_ConditionActorType,TARGET,
m_ConditionString,stun,
m_ConditionNumber,0,
m_ConditionNumberType,EQUAL,
element_end


element_start,mmd_sporebound_slowdown_u_replacement,SkillReplacement
m_FromActorDataSkillId,mmd_slowdown_u,
m_ToActorDataSkillId,mmd_slowdown_p3_u,
element_end
element_start,mmd_slowdown_p3_u,ActorDataSkill
m_IsFriendly,True,
m_IsFriendlySelfTargetValid,True,
launch_ranks,2,3,4,
target_ranks,1,2,3,4,
m_IsMultiHit,False,
m_AverageRankIgnored,False,
m_ValidActOutTypes,skill_before,skill_after,skill_additional,
m_Tags,mmd_slowdown,
m_ConditionIdOverride,mmd_slowdown,
m_SkillHistoryIdOverride,mmd_slowdown,
m_IsStallInvalidating,False,
m_SkillModifierChanceModifiers,curse,3,
m_Limit,8,
m_AllConditionIds,mmd_slowdown_p3_condition,
performer_buffs,mmd_slowdown_fake_ignore_resist,
m_IsFreeAction,True,
element_end
element_start,mmd_slowdown_p3_u,ActorDataEffects
target_effects,extra_action,mmd_slowdown_p3_u_stun,does_not_end_turn_tool_tip,
element_end
element_start,mmd_slowdown_p3_u_stun,Effect
m_Chance,1,
m_TokenAddId,stun,
m_TokenAddAmount,1,
m_ShowValue,False,
m_IgnoreResist,True,
element_end
element_start,mmd_slowdown_p3_u,Unlock
m_RequirementIds,mmd_slowdown_p3,
m_CostId,hero_skill_upgrade,
element_end


element_start,mmd_sporebound_parasitic_forms_replacement,SkillReplacement
m_FromActorDataSkillId,mmd_parasitic_forms,
m_ToActorDataSkillId,mmd_parasitic_forms_p3,
element_end
element_start,mmd_parasitic_forms_p3,ActorDataSkill
m_IsFriendly,True,
m_IsFriendlySelfTargetValid,True,
launch_ranks,1,2,3,4,
target_ranks,1,2,3,4,
m_IsMultiHit,True,
m_AverageRankIgnored,True,
m_ValidActOutTypes,skill_before,skill_after,skill_additional,
m_Tags,mmd_parasitic_forms,
m_IsStallInvalidating,False,
m_AllConditionIds,hero_party_has_less_than_4_allies_hidden,
m_Cooldown,1,
element_end
element_start,mmd_parasitic_forms_p3,ActorDataEffects
performer_effects,mmd_parasitic_forms_p3_summon,
friendly_team_effects,clear_corpse,mmd_parasitic_forms_p3_stress,
enemy_team_effects,clear_corpse,
element_end
element_start,mmd_parasitic_forms_p3_summon,Effect
m_Chance,1,
m_SummonClassActorId,mmd_corpse,
m_SummonLocationType,BACK,
m_SummonIfRoom,True,
element_end
element_start,mmd_parasitic_forms_p3_stress,Effect
m_Chance,1,
m_StressDamage,1,
element_end


element_start,mmd_sporebound_parasitic_forms_u_replacement,SkillReplacement
m_FromActorDataSkillId,mmd_parasitic_forms_u,
m_ToActorDataSkillId,mmd_parasitic_forms_p3_u,
element_end
element_start,mmd_parasitic_forms_p3_u,ActorDataSkill
m_IsFriendly,True,
m_IsFriendlySelfTargetValid,True,
launch_ranks,1,2,3,4,
target_ranks,1,2,3,4,
m_IsMultiHit,True,
m_AverageRankIgnored,True,
m_ValidActOutTypes,skill_before,skill_after,skill_additional,
m_Tags,mmd_parasitic_forms,
m_ConditionIdOverride,mmd_parasitic_forms,
m_SkillHistoryIdOverride,mmd_parasitic_forms,
m_IsStallInvalidating,False,
m_SkillModifierChanceModifiers,curse,3,
m_AllConditionIds,hero_party_has_less_than_4_allies_hidden,
element_end
element_start,mmd_parasitic_forms_p3_u,ActorDataEffects
performer_effects,mmd_parasitic_forms_p3_u_summon,
friendly_team_effects,clear_corpse,mmd_parasitic_forms_p3_u_stress,
enemy_team_effects,clear_corpse,
element_end
element_start,mmd_parasitic_forms_p3_u_summon,Effect
m_Chance,1,
m_SummonClassActorId,mmd_corpse_u,
m_SummonLocationType,BACK,
m_SummonIfRoom,True,
element_end
element_start,mmd_parasitic_forms_p3_u_stress,Effect
m_Chance,1,
m_StressDamage,1,
element_end
element_start,mmd_parasitic_forms_p3_u,Unlock
m_RequirementIds,mmd_parasitic_forms_p3,
m_CostId,hero_skill_upgrade,
element_end


element_start,mmd_sporebound_mycelium_mire_replacement,SkillReplacement
m_FromActorDataSkillId,mmd_mycelium_mire,
m_ToActorDataSkillId,mmd_mycelium_mire_p3,
element_end
element_start,mmd_mycelium_mire_p3,ActorDataSkill
m_IsFriendly,False,
launch_ranks,1,2,3,4,
target_ranks,1,2,3,4,
m_IsMultiHit,False,
m_CanBeRiposted,True,
m_AverageRankIgnored,False,
m_ValidActOutTypes,skill_before,skill_after,skill_additional,
m_Tags,melee,mmd_mycelium_mire,
token_ignores,mmd_ignore_dodge_hidden,
m_IsStallInvalidating,True,
m_Cooldown,3,
element_end
element_start,mmd_mycelium_mire_p3,ActorDataStats
key_map,health_damage,health_damage_range,crit_chance,
add_stats,3,1,0.10,
element_end
element_start,mmd_mycelium_mire_p3,ActorDataEffects
enemy_team_effects,remove_all_block,remove_all_block_plus,remove_all_dodge,remove_all_dodge_plus,remove_all_blind,remove_all_stealth,mmd_mycelium_mire_p3_add_token_crit,mmd_mycelium_mire_add_token_vulnerable,remove_1_deaths_door_armor,
friendly_team_effects,remove_all_block,remove_all_block_plus,remove_all_dodge,remove_all_dodge_plus,remove_all_blind,remove_all_stealth,mmd_mycelium_mire_p3_add_token_crit,mmd_mycelium_mire_add_token_vulnerable,mmd_mycelium_mire_deathblowresist_effect,
element_end
element_start,mmd_mycelium_mire_p3_add_token_crit,Effect
m_Chance,1,
m_TokenAddId,crit,
m_TokenAddAmount,1,
m_ShowValue,False,
element_end

element_start,mmd_sporebound_mycelium_mire_u_replacement,SkillReplacement
m_FromActorDataSkillId,mmd_mycelium_mire_u,
m_ToActorDataSkillId,mmd_mycelium_mire_p3_u,
element_end
element_start,mmd_mycelium_mire_p3_u,ActorDataSkill
m_IsFriendly,False,
launch_ranks,1,2,3,4,
target_ranks,1,2,3,4,
m_IsMultiHit,False,
m_CanBeRiposted,True,
m_AverageRankIgnored,False,
m_ValidActOutTypes,skill_before,skill_after,skill_additional,
m_Tags,melee,mmd_mycelium_mire,
token_ignores,mmd_ignore_dodge_hidden,
m_ConditionIdOverride,mmd_mycelium_mire,
m_SkillHistoryIdOverride,mmd_mycelium_mire,
m_IsStallInvalidating,True,
m_SkillModifierChanceModifiers,curse,3,
m_Cooldown,2,
element_end
element_start,mmd_mycelium_mire_p3_u,ActorDataStats
key_map,health_damage,health_damage_range,crit_chance,
add_stats,5,3,0.20,
element_end
element_start,mmd_mycelium_mire_p3_u,ActorDataEffects
enemy_team_effects,remove_all_block,remove_all_block_plus,remove_all_dodge,remove_all_dodge_plus,remove_all_blind,remove_all_stealth,mmd_mycelium_mire_p3_add_token_crit,mmd_mycelium_mire_add_token_vulnerable,remove_1_deaths_door_armor,
friendly_team_effects,remove_all_block,remove_all_block_plus,remove_all_dodge,remove_all_dodge_plus,remove_all_blind,remove_all_stealth,mmd_mycelium_mire_p3_add_token_crit,mmd_mycelium_mire_add_token_vulnerable,mmd_mycelium_mire_u_deathblowresist_effect,
element_end
